match_id,player1,player2,elapsed_time,set_no,game_no,point_no,p1_sets,p2_sets,p1_games,p2_games,p1_score,p2_score,server,serve_no,point_victor,p1_points_won,p2_points_won,game_victor,set_victor,p1_ace,p2_ace,p1_winner,p2_winner,winner_shot_type,p1_double_fault,p2_double_fault,p1_unf_err,p2_unf_err,p1_net_pt,p2_net_pt,p1_net_pt_won,p2_net_pt_won,p1_break_pt,p2_break_pt,p1_break_pt_won,p2_break_pt_won,p1_break_pt_missed,p2_break_pt_missed,p1_distance_run,p2_distance_run,rally_count,speed_mph,serve_width,serve_depth,return_depth,p1_score_rate
2023-wimbledon-1304,Alejandro Davidovich Fokina,Holger Rune,0:00:00,1,1,1,0,0,0,0,0,0,1,2,1,1,0,0,0,0,0,0,0,0,0,0,0,1,0,0,0,0,0,0,0,0,0,0,4.121,4.011,1,86,B,NCTL,D,1.0
2023-wimbledon-1304,Alejandro Davidovich Fokina,Holger Rune,0:00:41,1,1,2,0,0,0,0,15,0,1,2,1,2,0,0,0,0,0,0,0,0,0,0,0,1,0,0,0,0,0,0,0,0,0,0,4.312,3.877,1,92,B,NCTL,D,1.0
2023-wimbledon-1304,Alejandro Davidovich Fokina,Holger Rune,0:01:09,1,1,3,0,0,0,0,30,0,1,1,1,3,0,0,0,0,0,0,0,0,0,0,0,0,0,0,0,0,0,0,0,0,0,0,10.046,8.669,1,102,W,CTL,ND,1.0
2023-wimbledon-1304,Alejandro Davidovich Fokina,Holger Rune,0:01:29,1,1,4,0,0,0,0,40,0,1,1,1,4,0,1,0,0,0,0,0,0,0,0,0,0,0,0,0,0,0,0,0,0,0,0,6.162,6.163,1,120,BW,CTL,ND,1.0
2023-wimbledon-1304,Alejandro Davidovich Fokina,Holger Rune,0:02:42,1,2,5,0,0,1,0,0,0,2,2,2,4,1,0,0,0,0,0,0,0,0,0,0,0,0,0,0,0,0,0,0,0,0,0,3.342,2.573,1,112,BW,NCTL,MD,0.8
2023-wimbledon-1304,Alejandro Davidovich Fokina,Holger Rune,0:03:10,1,2,6,0,0,1,0,0,15,2,1,2,4,2,0,0,0,0,0,0,0,0,0,0,0,0,0,0,0,0,0,0,0,0,0,11.974,7.806,3,123,C,NCTL,ND,0.6666666666666666
2023-wimbledon-1304,Alejandro Davidovich Fokina,Holger Rune,0:03:49,1,2,7,0,0,1,0,0,30,2,1,2,4,3,0,0,0,0,0,0,0,0,0,1,0,0,0,0,0,0,0,0,0,0,0,16.246,13.794,3,123,W,CTL,D,0.5714285714285714
2023-wimbledon-1304,Alejandro Davidovich Fokina,Holger Rune,0:04:13,1,2,8,0,0,1,0,0,40,2,2,2,4,4,2,0,0,0,0,0,0,0,0,1,0,0,0,0,0,0,0,0,0,0,0,13.828,12.621,3,104,W,NCTL,ND,0.5
2023-wimbledon-1304,Alejandro Davidovich Fokina,Holger Rune,0:04:57,1,3,9,0,0,1,1,0,0,1,2,1,5,4,0,0,0,0,0,0,0,0,0,0,0,0,0,0,0,0,0,0,0,0,0,6.138,6.177,1,100,BC,NCTL,D,0.5555555555555556
2023-wimbledon-1304,Alejandro Davidovich Fokina,Holger Rune,0:05:29,1,3,10,0,0,1,1,15,0,1,1,1,6,4,0,0,0,0,0,0,0,0,0,0,0,0,0,0,0,0,0,0,0,0,0,2.927,4.275,1,114,C,NCTL,ND,0.6
2023-wimbledon-1304,Alejandro Davidovich Fokina,Holger Rune,0:05:59,1,3,11,0,0,1,1,30,0,1,2,1,7,4,0,0,0,0,0,0,0,0,0,0,1,0,0,0,0,0,0,0,0,0,0,9.757,9.224,3,95,BC,NCTL,D,0.6363636363636364
2023-wimbledon-1304,Alejandro Davidovich Fokina,Holger Rune,0:06:30,1,3,12,0,0,1,1,40,0,1,1,1,8,4,1,0,0,0,0,0,0,0,0,0,0,1,0,1,0,0,0,0,0,0,0,25.291,24.933,7,117,W,NCTL,D,0.8
2023-wimbledon-1304,Alejandro Davidovich Fokina,Holger Rune,0:08:24,1,4,13,0,0,2,1,0,0,2,2,1,9,4,0,0,0,0,0,0,0,0,0,0,0,0,0,0,0,0,0,0,0,0,0,9.402,7.535,2,108,BW,NCTL,D,0.6923076923076923
2023-wimbledon-1304,Alejandro Davidovich Fokina,Holger Rune,0:08:53,1,4,14,0,0,2,1,15,0,2,2,1,10,4,0,0,0,0,0,0,0,0,1,0,1,0,0,0,0,0,0,0,0,0,0,0.94,1.038,0,108,C,NCTL,MD,0.7142857142857143
2023-wimbledon-1304,Alejandro Davidovich Fokina,Holger Rune,0:09:31,1,4,15,0,0,2,1,30,0,2,1,2,10,5,0,0,0,0,0,0,0,0,0,1,0,0,0,0,0,0,0,0,0,0,0,18.78,18.968,5,128,BC,NCTL,D,0.6666666666666666
2023-wimbledon-1304,Alejandro Davidovich Fokina,Holger Rune,0:10:03,1,4,16,0,0,2,1,30,15,2,1,2,10,6,0,0,0,0,0,0,0,0,0,0,0,0,0,0,0,0,0,0,0,0,0,10.898,9.751,1,122,W,CTL,D,0.625
2023-wimbledon-1304,Alejandro Davidovich Fokina,Holger Rune,0:10:25,1,4,17,0,0,2,1,30,30,2,2,1,11,6,0,0,0,0,0,0,0,0,0,0,1,0,1,0,0,0,0,0,0,0,0,22.463,17.925,6,112,W,CTL,ND,0.6470588235294118
2023-wimbledon-1304,Alejandro Davidovich Fokina,Holger Rune,0:11:15,1,4,18,0,0,2,1,40,30,2,1,2,11,7,0,0,0,0,0,0,0,0,0,1,0,0,0,0,0,1,0,0,0,1,0,38.64,43.183,11,127,C,NCTL,D,0.6111111111111112
2023-wimbledon-1304,Alejandro Davidovich Fokina,Holger Rune,0:12:03,1,4,19,0,0,2,1,40,40,2,1,2,11,8,0,0,0,0,0,0,0,0,0,0,0,0,0,0,0,0,0,0,0,0,0,6.104,5.347,1,125,BW,NCTL,D,0.5789473684210527
2023-wimbledon-1304,Alejandro Davidovich Fokina,Holger Rune,0:12:30,1,4,20,0,0,2,1,40,AD,2,2,1,12,8,0,0,0,0,1,0,B,0,0,0,0,0,1,0,0,0,0,0,0,0,0,15.568,16.514,4,121,BC,NCTL,ND,0.6
2023-wimbledon-1304,Alejandro Davidovich Fokina,Holger Rune,0:13:31,1,4,21,0,0,2,1,40,40,2,1,2,12,9,0,0,0,1,0,1,0,0,0,0,0,0,0,0,0,0,0,0,0,0,0,1.066,0.943,1,126,C,NCTL,MD,0.5714285714285714
2023-wimbledon-1304,Alejandro Davidovich Fokina,Holger Rune,0:13:52,1,4,22,0,0,2,1,40,AD,2,2,2,12,10,2,0,0,0,0,0,0,0,0,1,0,0,0,0,0,0,0,0,0,0,0,15.193,15.082,5,101,W,NCTL,ND,0.5454545454545454
2023-wimbledon-1304,Alejandro Davidovich Fokina,Holger Rune,0:14:41,1,5,23,0,0,2,2,0,0,1,1,1,13,10,0,0,0,0,0,0,0,0,0,0,0,0,0,0,0,0,0,0,0,0,0,3.327,4.714,1,97,W,NCTL,D,0.5652173913043478
2023-wimbledon-1304,Alejandro Davidovich Fokina,Holger Rune,0:15:00,1,5,24,0,0,2,2,15,0,1,1,1,14,10,0,0,0,0,0,0,0,0,0,0,0,0,0,0,0,0,0,0,0,0,0,7.137,7.568,1,104,C,CTL,D,0.5833333333333334
2023-wimbledon-1304,Alejandro Davidovich Fokina,Holger Rune,0:15:17,1,5,25,0,0,2,2,30,0,1,1,1,15,10,0,0,0,0,0,0,0,0,0,0,1,0,0,0,0,0,0,0,0,0,0,21.913,25.23,7,130,BC,CTL,ND,0.6
2023-wimbledon-1304,Alejandro Davidovich Fokina,Holger Rune,0:15:47,1,5,26,0,0,2,2,40,0,1,1,1,16,10,1,0,0,0,0,0,0,0,0,0,0,1,0,1,0,0,0,0,0,0,0,6.802,8.942,3,114,C,NCTL,ND,0.8
2023-wimbledon-1304,Alejandro Davidovich Fokina,Holger Rune,0:17:28,1,6,27,0,0,3,2,0,0,2,1,1,17,10,0,0,0,0,1,0,F,0,0,0,0,0,0,0,0,0,0,0,0,0,0,6.825,4.702,2,120,W,NCTL,ND,0.6296296296296297
2023-wimbledon-1304,Alejandro Davidovich Fokina,Holger Rune,0:17:45,1,6,28,0,0,3,2,15,0,2,1,2,17,11,0,0,0,0,0,0,0,0,0,0,0,0,0,0,0,0,0,0,0,0,0,7.05,4.681,1,124,C,NCTL,D,0.6071428571428571
2023-wimbledon-1304,Alejandro Davidovich Fokina,Holger Rune,0:18:02,1,6,29,0,0,3,2,15,15,2,1,1,18,11,0,0,0,0,0,0,0,0,0,0,1,0,1,0,0,0,0,0,0,0,0,2.535,1.641,2,127,C,NCTL,MD,0.6206896551724138
2023-wimbledon-1304,Alejandro Davidovich Fokina,Holger Rune,0:18:43,1,6,30,0,0,3,2,30,15,2,2,1,19,11,0,0,0,0,0,0,0,0,0,0,0,0,1,0,0,0,0,0,0,0,0,18.615,17.285,4,96,BC,NCTL,ND,0.6333333333333333
2023-wimbledon-1304,Alejandro Davidovich Fokina,Holger Rune,0:19:45,1,6,31,0,0,3,2,40,15,2,1,2,19,12,0,0,0,0,0,1,F,0,0,0,0,0,1,0,1,1,0,0,0,1,0,21.853,13.534,5,111,W,CTL,ND,0.6129032258064516
2023-wimbledon-1304,Alejandro Davidovich Fokina,Holger Rune,0:20:19,1,6,32,0,0,3,2,40,30,2,2,2,19,13,0,0,0,0,0,1,F,0,0,0,0,0,1,0,1,1,0,0,0,1,0,18.443,21.823,5,89,W,CTL,D,0.59375
2023-wimbledon-1304,Alejandro Davidovich Fokina,Holger Rune,0:21:11,1,6,33,0,0,3,2,40,40,2,1,2,19,14,0,0,0,0,0,0,0,0,0,0,0,0,0,0,0,0,0,0,0,0,0,4.217,2.317,1,132,C,NCTL,ND,0.5757575757575758
2023-wimbledon-1304,Alejandro Davidovich Fokina,Holger Rune,0:21:32,1,6,34,0,0,3,2,40,AD,2,2,1,20,14,0,0,0,0,0,0,0,0,1,0,1,0,0,0,0,0,0,0,0,0,0,7.924,6.05,0,132,BW,CTL,ND,0.5882352941176471
2023-wimbledon-1304,Alejandro Davidovich Fokina,Holger Rune,0:22:12,1,6,35,0,0,3,2,40,40,2,1,2,20,15,0,0,0,0,0,1,B,0,0,0,0,0,0,0,0,0,0,0,0,0,0,16.044,11.819,3,118,W,NCTL,ND,0.5714285714285714
2023-wimbledon-1304,Alejandro Davidovich Fokina,Holger Rune,0:22:40,1,6,36,0,0,3,2,40,AD,2,1,2,20,16,2,0,0,0,0,1,F,0,0,0,0,0,0,0,0,0,0,0,0,0,0,8.31,7.44,3,121,C,NCTL,ND,0.5555555555555556
2023-wimbledon-1304,Alejandro Davidovich Fokina,Holger Rune,0:23:16,1,7,37,0,0,3,3,0,0,1,1,1,21,16,0,0,0,0,0,0,0,0,0,0,0,0,0,0,0,0,0,0,0,0,0,9.239,9.474,1,102,W,CTL,ND,0.5675675675675675
2023-wimbledon-1304,Alejandro Davidovich Fokina,Holger Rune,0:23:37,1,7,38,0,0,3,3,15,0,1,1,2,21,17,0,0,0,0,0,1,F,0,0,0,0,0,1,0,1,0,0,0,0,0,0,9.381,11.904,4,111,BW,NCTL,ND,0.5526315789473685
2023-wimbledon-1304,Alejandro Davidovich Fokina,Holger Rune,0:24:01,1,7,39,0,0,3,3,15,15,1,1,1,22,17,0,0,1,0,1,0,0,0,0,0,0,0,0,0,0,0,0,0,0,0,0,1.32,1.106,1,120,W,CTL,MD,0.5641025641025641
2023-wimbledon-1304,Alejandro Davidovich Fokina,Holger Rune,0:24:18,1,7,40,0,0,3,3,30,15,1,1,2,22,18,0,0,0,0,0,0,0,0,0,1,0,0,0,0,0,0,0,0,0,0,0,13.15,12.207,4,121,B,NCTL,ND,0.4
2023-wimbledon-1304,Alejandro Davidovich Fokina,Holger Rune,0:24:42,1,7,41,0,0,3,3,30,30,1,1,1,23,18,0,0,0,0,0,0,0,0,0,0,0,1,0,1,0,0,0,0,0,0,0,8.032,5.627,1,107,W,CTL,ND,0.4
2023-wimbledon-1304,Alejandro Davidovich Fokina,Holger Rune,0:25:05,1,7,42,0,0,3,3,40,30,1,2,2,23,19,0,0,0,0,0,0,0,0,0,0,0,0,1,0,1,0,0,0,0,0,0,16.54,16.191,4,79,B,NCTL,D,0.4
2023-wimbledon-1304,Alejandro Davidovich Fokina,Holger Rune,0:25:46,1,7,43,0,0,3,3,40,40,1,1,2,23,20,0,0,0,0,0,0,0,0,0,1,0,0,0,0,0,0,0,0,0,0,0,7.662,11.092,2,101,W,CTL,ND,0.2
2023-wimbledon-1304,Alejandro Davidovich Fokina,Holger Rune,0:26:09,1,7,44,0,0,3,3,40,AD,1,2,2,23,21,2,0,0,0,0,0,0,0,0,1,0,1,0,0,0,0,1,0,1,0,0,34.949,32.707,8,86,B,NCTL,ND,0.2
2023-wimbledon-1304,Alejandro Davidovich Fokina,Holger Rune,0:28:12,1,8,45,0,0,3,4,0,0,2,2,1,24,21,0,0,0,0,0,0,0,0,0,0,1,0,0,0,0,0,0,0,0,0,0,6.688,5.476,2,112,W,CTL,D,0.5333333333333333
2023-wimbledon-1304,Alejandro Davidovich Fokina,Holger Rune,0:28:47,1,8,46,0,0,3,4,15,0,2,1,2,24,22,0,0,0,0,0,1,F,0,0,0,0,0,0,0,0,0,0,0,0,0,0,9.21,6.282,3,121,C,NCTL,ND,0.5217391304347826
2023-wimbledon-1304,Alejandro Davidovich Fokina,Holger Rune,0:29:13,1,8,47,0,0,3,4,15,15,2,2,1,25,22,0,0,0,0,0,0,0,0,0,0,1,0,0,0,0,0,0,0,0,0,0,7.279,6.223,2,117,B,NCTL,ND,0.5319148936170213
2023-wimbledon-1304,Alejandro Davidovich Fokina,Holger Rune,0:29:49,1,8,48,0,0,3,4,30,15,2,1,2,25,23,0,0,0,0,0,1,F,0,0,0,0,0,1,0,1,0,0,0,0,0,0,28.009,22.35,5,122,C,NCTL,ND,0.5208333333333334
2023-wimbledon-1304,Alejandro Davidovich Fokina,Holger Rune,0:30:26,1,8,49,0,0,3,4,30,30,2,1,2,25,24,0,0,0,0,0,1,F,0,0,0,0,0,1,0,1,0,0,0,0,0,0,24.155,15.546,5,121,W,CTL,ND,0.5102040816326531
2023-wimbledon-1304,Alejandro Davidovich Fokina,Holger Rune,0:30:56,1,8,50,0,0,3,4,30,40,2,1,1,26,24,0,0,0,0,0,0,0,0,0,0,1,0,1,0,0,0,0,0,0,0,0,7.556,11.411,2,114,W,CTL,ND,0.52
2023-wimbledon-1304,Alejandro Davidovich Fokina,Holger Rune,0:31:37,1,8,51,0,0,3,4,40,40,2,2,2,26,25,0,0,0,0,0,1,F,0,0,0,0,0,0,0,0,0,0,0,0,0,0,10.532,8.047,3,123,C,NCTL,ND,0.5098039215686274
2023-wimbledon-1304,Alejandro Davidovich Fokina,Holger Rune,0:32:18,1,8,52,0,0,3,4,40,AD,2,2,2,26,26,2,0,0,0,0,1,F,0,0,0,0,0,0,0,0,0,0,0,0,0,0,7.888,7.95,3,95,BW,NCTL,D,0.5
2023-wimbledon-1304,Alejandro Davidovich Fokina,Holger Rune,0:33:09,1,9,53,0,0,3,5,0,0,1,2,2,26,27,0,0,0,0,0,0,0,0,0,0,0,0,1,0,1,0,0,0,0,0,0,7.041,11.253,2,89,BC,NCTL,ND,0.49056603773584906
2023-wimbledon-1304,Alejandro Davidovich Fokina,Holger Rune,0:33:37,1,9,54,0,0,3,5,0,15,1,1,2,26,28,0,0,0,0,0,0,0,0,0,0,0,0,0,0,0,0,0,0,0,0,0,6.112,6.229,2,102,BC,NCTL,ND,0.48148148148148145
2023-wimbledon-1304,Alejandro Davidovich Fokina,Holger Rune,0:33:58,1,9,55,0,0,3,5,0,30,1,2,2,26,29,0,0,0,0,0,1,B,0,0,0,0,1,0,0,0,0,0,0,0,0,0,26.559,27.826,8,103,BW,CTL,D,0.4727272727272727
2023-wimbledon-1304,Alejandro Davidovich Fokina,Holger Rune,0:34:42,1,9,56,0,0,3,5,0,40,1,2,2,26,30,2,2,0,0,0,1,B,0,0,0,0,0,0,0,0,0,1,0,1,0,0,3.239,4.422,2,84,BW,NCTL,D,0.0
2023-wimbledon-1304,Alejandro Davidovich Fokina,Holger Rune,0:37:19,2,1,57,0,1,0,0,0,0,2,1,2,26,31,0,0,0,0,0,1,B,0,0,0,0,0,1,0,1,0,0,0,0,0,0,22.316,19.159,5,112,W,CTL,D,0.45614035087719296
2023-wimbledon-1304,Alejandro Davidovich Fokina,Holger Rune,0:38:00,2,1,58,0,1,0,0,0,15,2,1,1,27,31,0,0,0,0,0,0,0,0,0,0,0,0,0,0,0,0,0,0,0,0,0,5.647,4.929,2,119,C,NCTL,D,0.46551724137931033
2023-wimbledon-1304,Alejandro Davidovich Fokina,Holger Rune,0:38:23,2,1,59,0,1,0,0,15,15,2,1,1,28,31,0,0,0,0,0,0,0,0,0,0,1,0,0,0,0,0,0,0,0,0,0,8.31,6.669,2,125,C,NCTL,D,0.4745762711864407
2023-wimbledon-1304,Alejandro Davidovich Fokina,Holger Rune,0:38:49,2,1,60,0,1,0,0,30,15,2,2,2,28,32,0,0,0,0,0,0,0,0,0,0,0,0,0,0,0,0,0,0,0,0,0,5.765,3.757,1,114,C,NCTL,D,0.4666666666666667
2023-wimbledon-1304,Alejandro Davidovich Fokina,Holger Rune,0:39:29,2,1,61,0,1,0,0,30,30,2,1,2,28,33,0,0,0,0,0,1,F,0,0,0,0,0,0,0,0,0,0,0,0,0,0,24.947,28.258,9,131,C,NCTL,ND,0.45901639344262296
2023-wimbledon-1304,Alejandro Davidovich Fokina,Holger Rune,0:40:30,2,1,62,0,1,0,0,30,40,2,1,2,28,34,2,0,0,1,0,1,0,0,0,0,0,0,0,0,0,0,0,0,0,0,0,1.328,0.888,1,120,W,CTL,MD,0.45161290322580644
2023-wimbledon-1304,Alejandro Davidovich Fokina,Holger Rune,0:41:14,2,2,63,0,1,0,1,0,0,1,1,1,29,34,0,0,0,0,0,0,0,0,0,0,1,0,1,0,0,0,0,0,0,0,0,9.908,23.101,1,106,C,NCTL,D,0.4603174603174603
2023-wimbledon-1304,Alejandro Davidovich Fokina,Holger Rune,0:41:35,2,2,64,0,1,0,1,15,0,1,2,1,30,34,0,0,0,0,1,0,F,0,0,0,0,0,0,0,0,0,0,0,0,0,0,14.547,13.954,5,89,B,NCTL,ND,0.46875
2023-wimbledon-1304,Alejandro Davidovich Fokina,Holger Rune,0:42:12,2,2,65,0,1,0,1,30,0,1,2,1,31,34,0,0,0,0,0,0,0,0,0,0,0,0,0,0,0,0,0,0,0,0,0,3.7,5.143,1,104,W,CTL,ND,0.47692307692307695
2023-wimbledon-1304,Alejandro Davidovich Fokina,Holger Rune,0:42:39,2,2,66,0,1,0,1,40,0,1,1,1,32,34,1,0,0,0,0,0,0,0,0,0,0,0,0,0,0,0,0,0,0,0,0,7.825,5.744,1,122,BC,NCTL,D,0.48484848484848486
2023-wimbledon-1304,Alejandro Davidovich Fokina,Holger Rune,0:43:35,2,3,67,0,1,1,1,0,0,2,2,1,33,34,0,0,0,0,0,0,0,0,0,0,1,0,1,0,0,0,0,0,0,0,0,7.67,7.997,2,112,B,CTL,ND,0.4925373134328358
2023-wimbledon-1304,Alejandro Davidovich Fokina,Holger Rune,0:44:08,2,3,68,0,1,1,1,15,0,2,2,1,34,34,0,0,0,0,1,0,B,0,0,0,0,0,1,0,0,0,0,0,0,0,0,14.721,17.152,4,105,BW,NCTL,ND,0.5
2023-wimbledon-1304,Alejandro Davidovich Fokina,Holger Rune,0:44:58,2,3,69,0,1,1,1,30,0,2,2,1,35,34,0,0,0,0,0,0,0,0,1,0,1,0,0,0,0,0,0,0,0,0,0,1.571,1.508,0,105,W,CTL,MD,0.5072463768115942
2023-wimbledon-1304,Alejandro Davidovich Fokina,Holger Rune,0:45:24,2,3,70,0,1,1,1,40,0,2,1,2,35,35,0,0,0,0,0,0,0,0,0,0,0,0,1,0,1,1,0,0,0,1,0,4.473,6.129,1,127,B,NCTL,ND,0.6
2023-wimbledon-1304,Alejandro Davidovich Fokina,Holger Rune,0:46:12,2,3,71,0,1,1,1,40,15,2,1,1,36,35,1,0,0,0,0,0,0,0,0,0,1,0,0,0,0,1,0,1,0,0,0,18.529,17.844,4,116,W,CTL,D,0.6
2023-wimbledon-1304,Alejandro Davidovich Fokina,Holger Rune,0:48:23,2,4,72,0,1,2,1,0,0,1,1,1,37,35,0,0,1,0,1,0,0,0,0,0,0,0,0,0,0,0,0,0,0,0,0,1.165,1.575,1,104,W,CTL,MD,0.5138888888888888
2023-wimbledon-1304,Alejandro Davidovich Fokina,Holger Rune,0:48:41,2,4,73,0,1,2,1,15,0,1,1,1,38,35,0,0,0,0,0,0,0,0,0,0,0,0,0,0,0,0,0,0,0,0,0,3.682,3.603,1,120,BW,NCTL,D,0.5205479452054794
2023-wimbledon-1304,Alejandro Davidovich Fokina,Holger Rune,0:49:00,2,4,74,0,1,2,1,30,0,1,1,1,39,35,0,0,1,0,1,0,0,0,0,0,0,0,0,0,0,0,0,0,0,0,0,1.504,0.948,1,110,BW,NCTL,MD,0.527027027027027
2023-wimbledon-1304,Alejandro Davidovich Fokina,Holger Rune,0:49:32,2,4,75,0,1,2,1,40,0,1,1,2,39,36,0,0,0,0,0,1,F,0,0,0,0,0,0,0,0,0,0,0,0,0,0,3.803,4.007,2,122,C,NCTL,ND,0.52
2023-wimbledon-1304,Alejandro Davidovich Fokina,Holger Rune,0:49:50,2,4,76,0,1,2,1,40,15,1,1,1,40,36,1,0,1,0,1,0,0,0,0,0,0,0,0,0,0,0,0,0,0,0,0,0.825,1.031,1,110,W,CTL,MD,0.5263157894736842
2023-wimbledon-1304,Alejandro Davidovich Fokina,Holger Rune,0:50:14,2,5,77,0,1,3,1,0,0,2,1,2,40,37,0,0,0,1,0,1,0,0,0,0,0,0,0,0,0,0,0,0,0,0,0,0.994,0.837,1,121,C,CTL,MD,0.5194805194805194
2023-wimbledon-1304,Alejandro Davidovich Fokina,Holger Rune,0:50:26,2,5,78,0,1,3,1,0,15,2,2,1,41,37,0,0,0,0,0,0,0,0,1,0,1,0,0,0,0,0,0,0,0,0,0,1.691,1.718,0,121,C,CTL,MD,0.5256410256410257
2023-wimbledon-1304,Alejandro Davidovich Fokina,Holger Rune,0:50:54,2,5,79,0,1,3,1,15,15,2,1,2,41,38,0,0,0,0,0,1,F,0,0,0,0,1,0,0,0,0,0,0,0,0,0,26.331,25.868,7,125,B,NCTL,ND,0.5189873417721519
2023-wimbledon-1304,Alejandro Davidovich Fokina,Holger Rune,0:51:44,2,5,80,0,1,3,1,15,30,2,1,2,41,39,0,0,0,0,0,0,0,0,0,0,0,0,0,0,0,0,0,0,0,0,0,7.61,5.101,1,119,W,CTL,D,0.2
2023-wimbledon-1304,Alejandro Davidovich Fokina,Holger Rune,0:52:01,2,5,81,0,1,3,1,15,40,2,1,2,41,40,2,0,0,0,0,0,0,0,0,0,0,0,1,0,1,0,0,0,0,0,0,2.424,2.256,1,110,W,CTL,MD,0.2
2023-wimbledon-1304,Alejandro Davidovich Fokina,Holger Rune,0:53:36,2,6,82,0,1,3,2,0,0,1,2,2,41,41,0,0,0,0,0,0,0,0,0,0,0,0,0,0,0,0,0,0,0,0,0,4.154,5.99,2,98,BW,NCTL,D,0.5
2023-wimbledon-1304,Alejandro Davidovich Fokina,Holger Rune,0:54:03,2,6,83,0,1,3,2,0,15,1,1,2,41,42,0,0,0,0,0,0,0,0,0,1,0,0,0,0,0,0,0,0,0,0,0,12.593,16.381,4,100,BW,NCTL,ND,0.4939759036144578
2023-wimbledon-1304,Alejandro Davidovich Fokina,Holger Rune,0:54:28,2,6,84,0,1,3,2,0,30,1,2,2,41,43,0,0,0,0,0,0,0,0,0,1,0,0,0,0,0,0,0,0,0,0,0,11.404,14.005,2,90,C,NCTL,D,0.4880952380952381
2023-wimbledon-1304,Alejandro Davidovich Fokina,Holger Rune,0:55:08,2,6,85,0,1,3,2,0,40,1,1,1,42,43,0,0,0,0,1,0,F,0,0,0,0,0,0,0,0,0,1,0,0,0,1,7.89,9.443,3,107,C,NCTL,ND,0.49411764705882355
2023-wimbledon-1304,Alejandro Davidovich Fokina,Holger Rune,0:55:42,2,6,86,0,1,3,2,15,40,1,1,1,43,43,0,0,0,0,0,0,0,0,0,0,0,0,0,0,0,0,1,0,0,0,1,5.492,6.86,1,105,BW,NCTL,ND,0.5
2023-wimbledon-1304,Alejandro Davidovich Fokina,Holger Rune,0:56:00,2,6,87,0,1,3,2,30,40,1,2,1,44,43,0,0,0,0,0,0,0,0,0,0,0,0,0,0,0,0,1,0,0,0,1,10.714,11.982,3,79,B,NCTL,ND,0.5057471264367817
2023-wimbledon-1304,Alejandro Davidovich Fokina,Holger Rune,0:56:40,2,6,88,0,1,3,2,40,40,1,1,2,44,44,0,0,0,0,0,0,0,0,0,1,0,0,0,0,0,0,0,0,0,0,0,5.875,11.046,2,98,W,NCTL,ND,0.5
2023-wimbledon-1304,Alejandro Davidovich Fokina,Holger Rune,0:57:05,2,6,89,0,1,3,2,40,AD,1,1,1,45,44,0,0,0,0,0,0,0,0,0,0,0,1,0,1,0,0,1,0,0,0,1,22.151,26.75,5,111,C,CTL,ND,0.5056179775280899
2023-wimbledon-1304,Alejandro Davidovich Fokina,Holger Rune,0:58:00,2,6,90,0,1,3,2,40,40,1,2,2,45,45,0,0,0,0,0,0,0,0,0,1,0,0,0,0,0,0,0,0,0,0,0,15.336,16.788,4,85,C,NCTL,ND,0.5
2023-wimbledon-1304,Alejandro Davidovich Fokina,Holger Rune,0:58:40,2,6,91,0,1,3,2,40,AD,1,1,1,46,45,0,0,0,0,1,0,F,0,0,0,0,1,0,1,0,0,1,0,0,0,1,23.922,37.318,7,109,BC,NCTL,ND,0.5054945054945055
2023-wimbledon-1304,Alejandro Davidovich Fokina,Holger Rune,0:59:22,2,6,92,0,1,3,2,40,40,1,1,1,47,45,0,0,0,0,0,0,0,0,0,0,0,0,0,0,0,0,0,0,0,0,0,2.435,3.68,1,108,BW,NCTL,ND,0.5108695652173914
2023-wimbledon-1304,Alejandro Davidovich Fokina,Holger Rune,0:59:47,2,6,93,0,1,3,2,AD,40,1,1,2,47,46,0,0,0,0,0,0,0,0,0,1,0,1,0,0,0,0,0,0,0,0,0,36.492,31.352,10,109,BC,CTL,D,0.5053763440860215
2023-wimbledon-1304,Alejandro Davidovich Fokina,Holger Rune,1:00:35,2,6,94,0,1,3,2,40,40,1,1,2,47,47,0,0,0,0,0,0,0,0,0,1,0,0,0,0,0,0,0,0,0,0,0,12.349,19.71,4,104,BW,NCTL,D,0.5
2023-wimbledon-1304,Alejandro Davidovich Fokina,Holger Rune,1:01:03,2,6,95,0,1,3,2,40,AD,1,1,1,48,47,0,0,0,0,1,0,B,0,0,0,0,1,0,1,0,0,1,0,0,0,1,15.893,28.849,5,114,C,CTL,MD,0.5052631578947369
2023-wimbledon-1304,Alejandro Davidovich Fokina,Holger Rune,1:01:41,2,6,96,0,1,3,2,40,40,1,1,2,48,48,0,0,0,0,0,1,F,0,0,0,0,1,0,0,0,0,0,0,0,0,0,6.942,4.87,2,103,BW,NCTL,D,0.5
2023-wimbledon-1304,Alejandro Davidovich Fokina,Holger Rune,1:02:09,2,6,97,0,1,3,2,40,AD,1,2,2,48,49,2,0,0,0,0,0,0,0,0,1,0,0,0,0,0,0,1,0,1,0,0,7.327,7.389,2,87,B,NCTL,ND,0.4948453608247423
2023-wimbledon-1304,Alejandro Davidovich Fokina,Holger Rune,1:03:01,2,7,98,0,1,3,3,0,0,2,1,2,48,50,0,0,0,1,0,1,0,0,0,0,0,0,0,0,0,0,0,0,0,0,0,1.03,0.977,1,112,W,CTL,MD,0.4897959183673469
2023-wimbledon-1304,Alejandro Davidovich Fokina,Holger Rune,1:03:19,2,7,99,0,1,3,3,0,15,2,1,2,48,51,0,0,0,0,0,0,0,0,0,0,0,0,0,0,0,0,0,0,0,0,0,5.809,4.13,1,110,C,NCTL,D,0.48484848484848486
2023-wimbledon-1304,Alejandro Davidovich Fokina,Holger Rune,1:03:35,2,7,100,0,1,3,3,0,30,2,1,1,49,51,0,0,0,0,1,0,B,0,0,0,0,0,1,0,0,0,0,0,0,0,0,10.308,11.583,4,128,BC,NCTL,ND,0.49
2023-wimbledon-1304,Alejandro Davidovich Fokina,Holger Rune,1:04:06,2,7,101,0,1,3,3,15,30,2,2,1,50,51,0,0,0,0,1,0,B,0,0,0,0,0,0,0,0,0,0,0,0,0,0,11.336,9.368,4,120,C,NCTL,ND,0.4
2023-wimbledon-1304,Alejandro Davidovich Fokina,Holger Rune,1:04:47,2,7,102,0,1,3,3,30,30,2,2,1,51,51,0,0,0,0,0,0,0,0,1,0,1,0,0,0,0,0,0,0,0,0,0,4.717,5.188,0,120,W,CTL,D,0.6
2023-wimbledon-1304,Alejandro Davidovich Fokina,Holger Rune,1:05:19,2,7,103,0,1,3,3,40,30,2,2,1,52,51,1,0,0,0,0,0,0,0,0,0,1,0,0,0,0,1,0,1,0,0,0,24.962,28.745,8,106,C,NCTL,D,0.8
2023-wimbledon-1304,Alejandro Davidovich Fokina,Holger Rune,1:07:28,2,8,104,0,1,4,3,0,0,1,2,1,53,51,0,0,0,0,0,0,0,0,0,0,0,0,0,0,0,0,0,0,0,0,0,3.122,4.432,1,94,W,CTL,D,0.5096153846153846
2023-wimbledon-1304,Alejandro Davidovich Fokina,Holger Rune,1:07:56,2,8,105,0,1,4,3,15,0,1,1,1,54,51,0,0,0,0,0,0,0,0,0,0,0,0,0,0,0,0,0,0,0,0,0,7.52,6.58,1,110,C,NCTL,ND,0.5142857142857142
2023-wimbledon-1304,Alejandro Davidovich Fokina,Holger Rune,1:08:13,2,8,106,0,1,4,3,30,0,1,1,1,55,51,0,0,0,0,1,0,0,0,0,0,0,0,0,0,0,0,0,0,0,0,0,1.118,1.243,1,128,B,NCTL,MD,0.5188679245283019
2023-wimbledon-1304,Alejandro Davidovich Fokina,Holger Rune,1:08:32,2,8,107,0,1,4,3,40,0,1,2,1,56,51,1,0,0,0,0,0,0,0,0,0,1,0,0,0,0,0,0,0,0,0,0,5.071,5.464,1,94,B,NCTL,ND,0.5233644859813084
2023-wimbledon-1304,Alejandro Davidovich Fokina,Holger Rune,1:09:22,2,9,108,0,1,5,3,0,0,2,1,2,56,52,0,0,0,0,0,0,0,0,0,0,0,0,0,0,0,0,0,0,0,0,0,7.154,6.467,1,115,W,CTL,D,0.5185185185185185
2023-wimbledon-1304,Alejandro Davidovich Fokina,Holger Rune,1:09:44,2,9,109,0,1,5,3,0,15,2,2,2,56,53,0,0,0,0,0,0,0,0,0,0,0,0,0,0,0,0,0,0,0,0,0,3.66,3.151,1,104,B,NCTL,ND,0.5137614678899083
2023-wimbledon-1304,Alejandro Davidovich Fokina,Holger Rune,1:10:08,2,9,110,0,1,5,3,0,30,2,1,2,56,54,0,0,0,0,0,0,0,0,0,1,0,0,0,0,0,0,0,0,0,0,0,18.193,16.467,5,125,C,NCTL,ND,0.509090909090909
2023-wimbledon-1304,Alejandro Davidovich Fokina,Holger Rune,1:10:26,2,9,111,0,1,5,3,0,40,2,2,2,56,55,2,0,0,0,0,0,0,0,0,0,0,0,0,0,0,0,0,0,0,0,0,4.227,4.248,1,114,B,NCTL,D,0.0
2023-wimbledon-1304,Alejandro Davidovich Fokina,Holger Rune,1:12:07,2,10,112,0,1,5,4,0,0,1,1,1,57,55,0,0,0,0,0,0,0,0,0,0,0,0,1,0,0,0,0,0,0,0,0,12.122,18.711,5,123,BC,CTL,D,0.5089285714285714
2023-wimbledon-1304,Alejandro Davidovich Fokina,Holger Rune,1:12:32,2,10,113,0,1,5,4,15,0,1,1,1,58,55,0,0,0,0,1,0,B,0,0,0,0,0,0,0,0,0,0,0,0,0,0,12.816,17.53,5,108,C,CTL,D,0.5132743362831859
2023-wimbledon-1304,Alejandro Davidovich Fokina,Holger Rune,1:13:15,2,10,114,0,1,5,4,30,0,1,1,1,59,55,0,0,0,0,0,0,0,0,0,0,0,0,0,0,0,0,0,0,0,0,0,11.976,8.538,1,107,BW,NCTL,ND,0.5175438596491229
2023-wimbledon-1304,Alejandro Davidovich Fokina,Holger Rune,1:13:40,2,10,115,0,1,5,4,40,0,1,2,1,60,55,1,1,0,0,0,0,0,0,0,0,1,0,0,0,0,0,0,0,0,0,0,3.972,4.494,1,84,BW,NCTL,D,0.5217391304347826
2023-wimbledon-1304,Alejandro Davidovich Fokina,Holger Rune,1:17:50,3,1,116,1,1,0,0,0,0,2,1,2,60,56,0,0,0,1,0,1,0,0,0,0,0,0,0,0,0,0,0,0,0,0,0,1.389,1.068,1,104,W,CTL,MD,0.5172413793103449
2023-wimbledon-1304,Alejandro Davidovich Fokina,Holger Rune,1:18:09,3,1,117,1,1,0,0,0,15,2,1,2,60,57,0,0,0,0,0,0,0,0,0,1,0,0,0,0,0,0,0,0,0,0,0,24.361,22.269,7,119,BW,NCTL,D,0.5128205128205128
2023-wimbledon-1304,Alejandro Davidovich Fokina,Holger Rune,1:18:32,3,1,118,1,1,0,0,0,30,2,1,2,60,58,0,0,0,0,0,0,0,0,0,0,0,0,0,0,0,0,0,0,0,0,0,18.737,16.234,3,126,BC,NCTL,ND,0.5084745762711864
2023-wimbledon-1304,Alejandro Davidovich Fokina,Holger Rune,1:19:02,3,1,119,1,1,0,0,0,40,2,2,1,61,58,0,0,0,0,0,0,0,0,1,0,1,0,0,0,0,0,0,0,0,0,0,4.682,3.719,0,126,W,CTL,MD,0.5126050420168067
2023-wimbledon-1304,Alejandro Davidovich Fokina,Holger Rune,1:19:31,3,1,120,1,1,0,0,15,40,2,1,2,61,59,2,0,0,0,0,0,0,0,0,1,0,0,0,0,0,0,0,0,0,0,0,11.661,10.398,3,121,C,NCTL,D,0.5083333333333333
2023-wimbledon-1304,Alejandro Davidovich Fokina,Holger Rune,1:20:24,3,2,121,1,1,0,1,0,0,1,2,1,62,59,0,0,0,0,1,0,F,0,0,0,0,0,0,0,0,0,0,0,0,0,0,42.242,52.571,11,94,B,NCTL,D,0.512396694214876
2023-wimbledon-1304,Alejandro Davidovich Fokina,Holger Rune,1:49:12,3,2,122,1,1,0,1,15,0,1,1,1,63,59,0,0,0,0,0,0,0,0,0,0,1,0,0,0,0,0,0,0,0,0,0,11.802,8.988,3,108,C,NCTL,D,0.5163934426229508
2023-wimbledon-1304,Alejandro Davidovich Fokina,Holger Rune,1:49:33,3,2,123,1,1,0,1,30,0,1,2,2,63,60,0,0,0,0,0,0,0,0,0,0,0,0,1,0,1,0,0,0,0,0,0,24.581,21.237,6,94,BC,NCTL,ND,0.5121951219512195
2023-wimbledon-1304,Alejandro Davidovich Fokina,Holger Rune,1:50:19,3,2,124,1,1,0,1,30,15,1,1,1,64,60,0,0,0,0,1,0,B,0,0,0,0,1,0,1,0,0,0,0,0,0,0,19.587,24.689,5,111,BC,NCTL,ND,0.5161290322580645
2023-wimbledon-1304,Alejandro Davidovich Fokina,Holger Rune,1:50:48,3,2,125,1,1,0,1,40,15,1,1,1,65,60,1,0,0,0,0,0,0,0,0,0,0,0,0,0,0,0,0,0,0,0,0,10.954,11.789,1,107,W,CTL,D,0.52
2023-wimbledon-1304,Alejandro Davidovich Fokina,Holger Rune,1:51:20,3,3,126,1,1,1,1,0,0,2,2,1,66,60,0,0,0,0,0,0,0,0,0,0,0,0,0,0,0,0,0,0,0,0,0,7.05,5.369,2,106,BW,NCTL,D,0.5238095238095238
2023-wimbledon-1304,Alejandro Davidovich Fokina,Holger Rune,1:51:47,3,3,127,1,1,1,1,15,0,2,1,1,67,60,0,0,0,0,0,0,0,0,0,0,1,0,0,0,0,0,0,0,0,0,0,7.719,6.488,2,121,W,CTL,D,0.5275590551181102
2023-wimbledon-1304,Alejandro Davidovich Fokina,Holger Rune,1:52:07,3,3,128,1,1,1,1,30,0,2,1,2,67,61,0,0,0,1,0,1,0,0,0,0,0,0,0,0,0,0,0,0,0,0,0,1.475,1.288,1,108,W,CTL,MD,0.5234375
2023-wimbledon-1304,Alejandro Davidovich Fokina,Holger Rune,1:52:28,3,3,129,1,1,1,1,30,15,2,1,2,67,62,0,0,0,0,0,0,0,0,0,0,0,0,0,0,0,0,0,0,0,0,0,8.426,7.976,1,115,W,CTL,D,0.4
2023-wimbledon-1304,Alejandro Davidovich Fokina,Holger Rune,1:52:54,3,3,130,1,1,1,1,30,30,2,2,1,68,62,0,0,0,0,0,0,0,0,0,0,1,0,0,0,0,0,0,0,0,0,0,8.498,6.423,2,113,BW,NCTL,ND,0.4
2023-wimbledon-1304,Alejandro Davidovich Fokina,Holger Rune,1:53:32,3,3,131,1,1,1,1,40,30,2,1,1,69,62,1,0,0,0,0,0,0,0,0,0,1,0,0,0,0,1,0,1,0,0,0,33.519,25.981,8,121,C,NCTL,D,0.4
2023-wimbledon-1304,Alejandro Davidovich Fokina,Holger Rune,1:55:22,3,4,132,1,1,2,1,0,0,1,1,1,70,62,0,0,0,0,0,0,0,0,0,0,0,0,0,0,0,0,0,0,0,0,0,14.657,25.182,5,100,BW,NCTL,D,0.5303030303030303
2023-wimbledon-1304,Alejandro Davidovich Fokina,Holger Rune,1:55:49,3,4,133,1,1,2,1,15,0,1,1,1,71,62,0,0,0,0,1,0,F,0,0,0,0,0,1,0,0,0,0,0,0,0,0,13.874,16.208,5,116,C,NCTL,D,0.5338345864661654
2023-wimbledon-1304,Alejandro Davidovich Fokina,Holger Rune,1:56:15,3,4,134,1,1,2,1,30,0,1,1,1,72,62,0,0,0,0,0,0,0,0,0,0,0,0,0,0,0,0,0,0,0,0,0,2.462,3.847,1,109,W,CTL,ND,0.5373134328358209
2023-wimbledon-1304,Alejandro Davidovich Fokina,Holger Rune,1:56:33,3,4,135,1,1,2,1,40,0,1,1,2,72,63,0,0,0,0,0,1,F,0,0,0,0,0,0,0,0,0,0,0,0,0,0,3.239,3.42,2,100,BC,NCTL,D,0.5333333333333333
2023-wimbledon-1304,Alejandro Davidovich Fokina,Holger Rune,1:56:58,3,4,136,1,1,2,1,40,15,1,1,1,73,63,1,0,0,0,0,0,0,0,0,0,0,0,0,0,0,0,0,0,0,0,0,4.909,5.676,1,102,W,CTL,D,0.5367647058823529
2023-wimbledon-1304,Alejandro Davidovich Fokina,Holger Rune,1:57:22,3,5,137,1,1,3,1,0,0,2,1,2,73,64,0,0,0,0,0,1,F,0,0,0,0,0,0,0,0,0,0,0,0,0,0,8.934,8.112,3,126,C,NCTL,ND,0.5328467153284672
2023-wimbledon-1304,Alejandro Davidovich Fokina,Holger Rune,1:57:55,3,5,138,1,1,3,1,0,15,2,1,2,73,65,0,0,0,1,0,1,0,0,0,0,0,0,0,0,0,0,0,0,0,0,0,0.919,0.74,1,114,W,CTL,MD,0.5289855072463768
2023-wimbledon-1304,Alejandro Davidovich Fokina,Holger Rune,1:58:10,3,5,139,1,1,3,1,0,30,2,2,2,73,66,0,0,0,0,0,0,0,0,0,0,0,0,0,0,0,0,0,0,0,0,0,4.278,3.875,1,124,BC,CTL,ND,0.5251798561151079
2023-wimbledon-1304,Alejandro Davidovich Fokina,Holger Rune,1:58:31,3,5,140,1,1,3,1,0,40,2,2,2,73,67,2,0,0,0,0,1,B,0,0,0,0,0,1,0,1,0,0,0,0,0,0,11.701,13.008,3,119,BW,NCTL,ND,0.0
2023-wimbledon-1304,Alejandro Davidovich Fokina,Holger Rune,2:00:20,3,6,141,1,1,3,2,0,0,1,2,2,73,68,0,0,0,0,0,0,0,0,0,0,0,0,0,0,0,0,0,0,0,0,0,9.159,8.429,2,87,BC,NCTL,ND,0.5177304964539007
2023-wimbledon-1304,Alejandro Davidovich Fokina,Holger Rune,2:00:50,3,6,142,1,1,3,2,0,15,1,1,2,73,69,0,0,0,0,0,0,0,0,0,1,0,0,0,0,0,0,0,0,0,0,0,14.937,13.977,4,103,B,CTL,ND,0.5140845070422535
2023-wimbledon-1304,Alejandro Davidovich Fokina,Holger Rune,2:01:17,3,6,143,1,1,3,2,0,30,1,1,1,74,69,0,0,0,0,0,0,0,0,0,0,0,0,0,0,0,0,0,0,0,0,0,5.212,6.013,1,107,W,NCTL,D,0.5174825174825175
2023-wimbledon-1304,Alejandro Davidovich Fokina,Holger Rune,2:01:39,3,6,144,1,1,3,2,15,30,1,2,1,75,69,0,0,0,0,0,0,0,0,0,0,0,1,0,1,0,0,0,0,0,0,0,38.868,35.561,9,88,B,NCTL,D,0.5208333333333334
2023-wimbledon-1304,Alejandro Davidovich Fokina,Holger Rune,2:02:36,3,6,145,1,1,3,2,30,30,1,2,1,76,69,0,0,0,0,0,0,0,0,0,0,0,0,1,0,0,0,0,0,0,0,0,32.999,42.064,11,87,B,NCTL,ND,0.5241379310344828
2023-wimbledon-1304,Alejandro Davidovich Fokina,Holger Rune,2:03:32,3,6,146,1,1,3,2,40,30,1,2,2,76,70,0,0,0,0,0,0,0,0,0,0,0,0,0,0,0,0,0,0,0,0,0,26.085,25.227,6,85,BC,NCTL,ND,0.5205479452054794
2023-wimbledon-1304,Alejandro Davidovich Fokina,Holger Rune,2:04:24,3,6,147,1,1,3,2,40,40,1,1,1,77,70,0,0,1,0,1,0,0,0,0,0,0,0,0,0,0,0,0,0,0,0,0,0.592,0.636,1,121,W,CTL,MD,0.5238095238095238
2023-wimbledon-1304,Alejandro Davidovich Fokina,Holger Rune,2:04:45,3,6,148,1,1,3,2,AD,40,1,1,1,78,70,1,0,0,0,0,0,0,0,0,0,0,0,0,0,0,0,0,0,0,0,0,4.751,5.538,1,110,C,NCTL,D,0.527027027027027
2023-wimbledon-1304,Alejandro Davidovich Fokina,Holger Rune,2:05:44,3,7,149,1,1,4,2,0,0,2,2,2,78,71,0,0,0,0,0,0,0,0,0,0,0,0,0,0,0,0,0,0,0,0,0,3.58,2.159,1,116,BW,NCTL,ND,0.5234899328859061
2023-wimbledon-1304,Alejandro Davidovich Fokina,Holger Rune,2:06:11,3,7,150,1,1,4,2,0,15,2,1,2,78,72,0,0,0,0,0,0,0,0,0,0,0,0,0,0,0,0,0,0,0,0,0,8.002,6.203,1,118,C,NCTL,ND,0.52
2023-wimbledon-1304,Alejandro Davidovich Fokina,Holger Rune,2:06:27,3,7,151,1,1,4,2,0,30,2,2,1,79,72,0,0,0,0,0,0,0,0,0,0,1,0,0,0,0,0,0,0,0,0,0,9.052,7.79,2,96,BC,NCTL,ND,0.5231788079470199
2023-wimbledon-1304,Alejandro Davidovich Fokina,Holger Rune,2:07:02,3,7,152,1,1,4,2,15,30,2,2,2,79,73,0,0,0,0,0,0,0,0,0,0,0,0,0,0,0,0,0,0,0,0,0,4.551,3.262,1,119,C,NCTL,D,0.2
2023-wimbledon-1304,Alejandro Davidovich Fokina,Holger Rune,2:07:28,3,7,153,1,1,4,2,15,40,2,1,2,79,74,2,0,0,0,0,1,F,0,0,0,0,0,1,0,1,0,0,0,0,0,0,23.04,15.506,5,132,BC,NCTL,MD,0.2
2023-wimbledon-1304,Alejandro Davidovich Fokina,Holger Rune,2:09:05,3,8,154,1,1,4,3,0,0,1,1,1,80,74,0,0,0,0,1,0,F,0,0,0,0,0,1,0,0,0,0,0,0,0,0,29.056,24.309,7,124,C,NCTL,D,0.5194805194805194
2023-wimbledon-1304,Alejandro Davidovich Fokina,Holger Rune,2:09:52,3,8,155,1,1,4,3,15,0,1,1,1,81,74,0,0,0,0,0,0,0,0,0,0,1,0,0,0,0,0,0,0,0,0,0,13.168,22.104,5,110,C,NCTL,ND,0.5225806451612903
2023-wimbledon-1304,Alejandro Davidovich Fokina,Holger Rune,2:10:20,3,8,156,1,1,4,3,30,0,1,1,2,81,75,0,0,0,0,0,1,B,0,0,0,0,0,1,0,1,0,0,0,0,0,0,23.43,27.351,6,107,BW,NCTL,D,0.5192307692307693
2023-wimbledon-1304,Alejandro Davidovich Fokina,Holger Rune,2:11:00,3,8,157,1,1,4,3,30,15,1,2,1,82,75,0,0,0,0,0,0,0,0,0,0,1,0,0,0,0,0,0,0,0,0,0,12.893,9.341,3,95,C,NCTL,ND,0.5222929936305732
2023-wimbledon-1304,Alejandro Davidovich Fokina,Holger Rune,2:11:40,3,8,158,1,1,4,3,40,15,1,1,2,82,76,0,0,0,0,0,0,0,0,0,1,0,1,0,0,0,0,0,0,0,0,0,11.38,11.523,2,124,B,NCTL,ND,0.5189873417721519
2023-wimbledon-1304,Alejandro Davidovich Fokina,Holger Rune,2:12:06,3,8,159,1,1,4,3,40,30,1,1,2,82,77,0,0,0,0,0,0,0,0,0,0,0,0,1,0,1,0,0,0,0,0,0,15.94,22.331,4,110,C,NCTL,ND,0.5157232704402516
2023-wimbledon-1304,Alejandro Davidovich Fokina,Holger Rune,2:12:40,3,8,160,1,1,4,3,40,40,1,2,1,83,77,0,0,0,0,0,0,0,0,0,0,0,0,0,0,0,0,0,0,0,0,0,28.777,37.639,9,94,BW,NCTL,ND,0.51875
2023-wimbledon-1304,Alejandro Davidovich Fokina,Holger Rune,2:13:30,3,8,161,1,1,4,3,AD,40,1,1,2,83,78,0,0,0,0,0,0,0,0,0,1,0,0,0,0,0,0,0,0,0,0,0,43.99,49.401,12,104,W,CTL,ND,0.515527950310559
2023-wimbledon-1304,Alejandro Davidovich Fokina,Holger Rune,2:14:22,3,8,162,1,1,4,3,40,40,1,2,1,84,78,0,0,0,0,1,0,B,0,0,0,0,0,0,0,0,0,0,0,0,0,0,21.082,21.587,7,94,BW,NCTL,ND,0.5185185185185185
2023-wimbledon-1304,Alejandro Davidovich Fokina,Holger Rune,2:15:09,3,8,163,1,1,4,3,AD,40,1,2,2,84,79,0,0,0,0,0,0,0,0,0,0,0,0,0,0,0,0,0,0,0,0,0,26.544,22.522,6,82,B,NCTL,D,0.5153374233128835
2023-wimbledon-1304,Alejandro Davidovich Fokina,Holger Rune,2:16:28,3,8,164,1,1,4,3,40,40,1,1,1,85,79,0,0,0,0,1,0,F,0,0,0,0,0,0,0,0,0,0,0,0,0,0,20.985,30.638,7,110,W,CTL,ND,0.5182926829268293
2023-wimbledon-1304,Alejandro Davidovich Fokina,Holger Rune,2:17:14,3,8,165,1,1,4,3,AD,40,1,1,1,86,79,1,0,0,0,0,0,0,0,0,0,0,0,0,0,0,0,0,0,0,0,0,6.081,4.927,1,108,BC,CTL,D,0.5212121212121212
2023-wimbledon-1304,Alejandro Davidovich Fokina,Holger Rune,2:18:02,3,9,166,1,1,5,3,0,0,2,1,1,87,79,0,0,0,0,0,0,0,0,0,0,1,0,0,0,0,0,0,0,0,0,0,8.156,7.74,2,135,C,NCTL,D,0.5240963855421686
2023-wimbledon-1304,Alejandro Davidovich Fokina,Holger Rune,2:18:18,3,9,167,1,1,5,3,15,0,2,1,2,87,80,0,0,0,0,0,0,0,0,0,0,0,0,0,0,0,0,0,0,0,0,0,4.939,3.542,1,116,C,CTL,D,0.5209580838323353
2023-wimbledon-1304,Alejandro Davidovich Fokina,Holger Rune,2:18:34,3,9,168,1,1,5,3,15,15,2,1,2,87,81,0,0,0,0,0,0,0,0,0,0,0,1,0,0,0,0,0,0,0,0,0,17.948,8.963,3,130,BC,NCTL,ND,0.5178571428571429
2023-wimbledon-1304,Alejandro Davidovich Fokina,Holger Rune,2:18:57,3,9,169,1,1,5,3,15,30,2,1,2,87,82,0,0,0,0,0,0,0,0,0,0,0,0,0,0,0,0,0,0,0,0,0,4.816,3.777,1,121,C,CTL,D,0.2
2023-wimbledon-1304,Alejandro Davidovich Fokina,Holger Rune,2:19:09,3,9,170,1,1,5,3,15,40,2,1,1,88,82,0,0,0,0,0,0,0,0,0,0,0,0,1,0,0,0,0,0,0,0,0,3.843,4.985,2,121,BC,NCTL,ND,0.2
2023-wimbledon-1304,Alejandro Davidovich Fokina,Holger Rune,2:19:27,3,9,171,1,1,5,3,30,40,2,1,1,89,82,0,0,0,0,0,0,0,0,0,0,1,0,0,0,0,0,0,0,0,0,0,9.338,6.818,2,114,C,NCTL,ND,0.4
2023-wimbledon-1304,Alejandro Davidovich Fokina,Holger Rune,2:20:00,3,9,172,1,1,5,3,40,40,2,1,1,90,82,0,0,0,0,1,0,F,0,0,0,0,0,1,0,0,0,0,0,0,0,0,5.617,6.142,2,113,W,NCTL,ND,0.6
2023-wimbledon-1304,Alejandro Davidovich Fokina,Holger Rune,2:20:19,3,9,173,1,1,5,3,AD,40,2,1,2,90,83,0,0,0,0,0,0,0,0,0,0,0,0,1,0,1,1,0,0,0,1,0,8.592,11.403,3,119,BW,NCTL,MD,0.6
2023-wimbledon-1304,Alejandro Davidovich Fokina,Holger Rune,2:20:44,3,9,174,1,1,5,3,40,40,2,1,1,91,83,0,0,0,0,0,0,0,0,0,0,0,0,0,0,0,0,0,0,0,0,0,20.047,17.28,4,104,BW,NCTL,ND,0.6
2023-wimbledon-1304,Alejandro Davidovich Fokina,Holger Rune,2:21:04,3,9,175,1,1,5,3,AD,40,2,1,1,92,83,1,1,0,0,0,0,0,0,0,0,0,0,1,0,0,1,0,1,0,0,0,7.772,8.578,2,109,W,CTL,MD,0.6
2023-wimbledon-1304,Alejandro Davidovich Fokina,Holger Rune,2:25:18,4,1,176,2,1,0,0,0,0,1,1,2,92,84,0,0,0,0,0,0,0,0,0,1,0,0,0,0,0,0,0,0,0,0,0,8.404,8.762,2,100,BW,NCTL,D,0.5227272727272727
2023-wimbledon-1304,Alejandro Davidovich Fokina,Holger Rune,2:25:36,4,1,177,2,1,0,0,0,15,1,2,2,92,85,0,0,0,0,0,1,F,0,0,0,0,0,0,0,0,0,0,0,0,0,0,23.898,26.444,6,92,B,NCTL,ND,0.519774011299435
2023-wimbledon-1304,Alejandro Davidovich Fokina,Holger Rune,2:26:14,4,1,178,2,1,0,0,0,30,1,1,1,93,85,0,0,0,0,1,0,F,0,0,0,0,1,0,1,0,0,0,0,0,0,0,28.519,23.806,7,107,W,CTL,ND,0.5224719101123596
2023-wimbledon-1304,Alejandro Davidovich Fokina,Holger Rune,2:26:54,4,1,179,2,1,0,0,15,30,1,1,2,93,86,0,0,0,0,0,0,0,0,0,0,0,0,0,0,0,0,0,0,0,0,0,15.137,16.145,4,118,C,NCTL,ND,0.5195530726256983
2023-wimbledon-1304,Alejandro Davidovich Fokina,Holger Rune,2:27:22,4,1,180,2,1,0,0,15,40,1,1,1,94,86,0,0,0,0,0,0,0,0,0,0,1,0,0,0,0,0,1,0,0,0,1,10.53,14.406,3,107,W,NCTL,ND,0.5222222222222223
2023-wimbledon-1304,Alejandro Davidovich Fokina,Holger Rune,2:28:04,4,1,181,2,1,0,0,30,40,1,1,1,95,86,0,0,0,0,0,0,0,0,0,0,0,0,0,0,0,0,1,0,0,0,1,32.75,34.024,9,104,BW,CTL,ND,0.5248618784530387
2023-wimbledon-1304,Alejandro Davidovich Fokina,Holger Rune,2:28:44,4,1,182,2,1,0,0,40,40,1,2,2,95,87,0,0,0,0,0,0,0,0,0,1,0,1,0,0,0,0,0,0,0,0,0,16.418,18.21,4,90,BC,NCTL,D,0.521978021978022
2023-wimbledon-1304,Alejandro Davidovich Fokina,Holger Rune,2:29:26,4,1,183,2,1,0,0,40,AD,1,1,2,95,88,2,0,0,0,0,0,0,0,0,0,0,0,0,0,0,0,1,0,1,0,0,26.616,19.212,6,124,BW,NCTL,ND,0.5191256830601093
2023-wimbledon-1304,Alejandro Davidovich Fokina,Holger Rune,2:30:38,4,2,184,2,1,0,1,0,0,2,1,2,95,89,0,0,0,0,0,0,0,0,0,0,0,0,0,0,0,0,0,0,0,0,0,2.795,1.793,1,119,BW,NCTL,ND,0.5163043478260869
2023-wimbledon-1304,Alejandro Davidovich Fokina,Holger Rune,2:30:56,4,2,185,2,1,0,1,0,15,2,1,2,95,90,0,0,0,0,0,1,F,0,0,0,0,0,1,0,1,0,0,0,0,0,0,6.382,8.536,3,115,W,CTL,MD,0.5135135135135135
2023-wimbledon-1304,Alejandro Davidovich Fokina,Holger Rune,2:31:20,4,2,186,2,1,0,1,0,30,2,1,2,95,91,0,0,0,1,0,1,0,0,0,0,0,0,0,0,0,0,0,0,0,0,0,0.829,0.935,1,117,W,NCTL,MD,0.510752688172043
2023-wimbledon-1304,Alejandro Davidovich Fokina,Holger Rune,2:31:38,4,2,187,2,1,0,1,0,40,2,2,2,95,92,2,0,0,0,0,0,0,0,0,0,0,0,0,0,0,0,0,0,0,0,0,6.75,6.572,1,86,BW,NCTL,ND,0.5080213903743316
2023-wimbledon-1304,Alejandro Davidovich Fokina,Holger Rune,2:32:24,4,3,188,2,1,0,2,0,0,1,1,2,95,93,0,0,0,0,0,1,F,0,0,0,0,0,1,0,1,0,0,0,0,0,0,30.079,29.604,6,107,W,NCTL,ND,0.5053191489361702
2023-wimbledon-1304,Alejandro Davidovich Fokina,Holger Rune,2:33:16,4,3,189,2,1,0,2,0,15,1,1,1,96,93,0,0,0,0,0,0,0,0,0,0,0,0,0,0,0,0,0,0,0,0,0,3.484,3.961,1,112,BC,CTL,D,0.5079365079365079
2023-wimbledon-1304,Alejandro Davidovich Fokina,Holger Rune,2:33:39,4,3,190,2,1,0,2,15,15,1,2,1,97,93,0,0,0,0,0,0,0,0,0,0,0,0,1,0,0,0,0,0,0,0,0,4.863,10.418,3,98,BC,NCTL,ND,0.5105263157894737
2023-wimbledon-1304,Alejandro Davidovich Fokina,Holger Rune,2:34:13,4,3,191,2,1,0,2,30,15,1,2,1,98,93,0,0,0,0,0,0,0,0,0,0,0,0,0,0,0,0,0,0,0,0,0,4.977,4.803,1,91,BW,NCTL,D,0.6
2023-wimbledon-1304,Alejandro Davidovich Fokina,Holger Rune,2:34:45,4,3,192,2,1,0,2,40,15,1,1,2,98,94,0,0,0,0,0,0,0,0,0,1,0,0,0,0,0,0,0,0,0,0,0,8.46,11.397,2,103,BW,NCTL,ND,0.6
2023-wimbledon-1304,Alejandro Davidovich Fokina,Holger Rune,2:35:08,4,3,193,2,1,0,2,40,30,1,2,1,99,94,1,0,0,0,0,0,0,0,0,0,0,0,0,0,0,0,0,0,0,0,0,8.622,12.474,3,80,BC,NCTL,ND,0.6
2023-wimbledon-1304,Alejandro Davidovich Fokina,Holger Rune,2:37:09,4,4,194,2,1,1,2,0,0,2,1,2,99,95,0,0,0,0,0,0,0,0,0,0,0,0,0,0,0,0,0,0,0,0,0,5.218,5.155,1,119,W,CTL,D,0.5103092783505154
2023-wimbledon-1304,Alejandro Davidovich Fokina,Holger Rune,2:37:28,4,4,195,2,1,1,2,0,15,2,2,1,100,95,0,0,0,0,1,0,B,0,0,0,0,0,0,0,0,0,0,0,0,0,0,38.65,31.425,12,103,C,NCTL,D,0.5128205128205128
2023-wimbledon-1304,Alejandro Davidovich Fokina,Holger Rune,2:38:25,4,4,196,2,1,1,2,15,15,2,1,2,100,96,0,0,0,0,0,0,0,0,0,1,0,0,0,0,0,0,0,0,0,0,0,30.573,25.591,7,113,BW,NCTL,D,0.5102040816326531
2023-wimbledon-1304,Alejandro Davidovich Fokina,Holger Rune,2:39:02,4,4,197,2,1,1,2,15,30,2,1,2,100,97,0,0,0,0,0,0,0,0,0,0,0,0,0,0,0,0,0,0,0,0,0,6.817,4.226,1,118,C,NCTL,D,0.5076142131979695
2023-wimbledon-1304,Alejandro Davidovich Fokina,Holger Rune,2:39:17,4,4,198,2,1,1,2,15,40,2,1,1,101,97,0,0,0,0,0,0,0,0,0,0,0,0,0,0,0,0,0,0,0,0,0,22.93,21.515,6,128,BC,NCTL,ND,0.51010101010101
2023-wimbledon-1304,Alejandro Davidovich Fokina,Holger Rune,2:39:54,4,4,199,2,1,1,2,30,40,2,1,2,101,98,2,0,0,0,0,1,F,0,0,0,0,0,0,0,0,0,0,0,0,0,0,11.577,7.198,3,114,W,CTL,ND,0.507537688442211
2023-wimbledon-1304,Alejandro Davidovich Fokina,Holger Rune,2:40:29,4,5,200,2,1,1,3,0,0,1,1,2,101,99,0,0,0,0,0,1,F,0,0,0,0,0,0,0,0,0,0,0,0,0,0,10.224,9.319,4,120,BC,NCTL,ND,0.505
2023-wimbledon-1304,Alejandro Davidovich Fokina,Holger Rune,2:40:51,4,5,201,2,1,1,3,0,15,1,1,2,101,100,0,0,0,0,0,0,0,0,0,1,0,0,0,0,0,0,0,0,0,0,0,6.284,7.451,2,112,C,CTL,ND,0.5024875621890548
2023-wimbledon-1304,Alejandro Davidovich Fokina,Holger Rune,2:41:15,4,5,202,2,1,1,3,0,30,1,1,1,102,100,0,0,0,0,0,0,0,0,0,0,0,0,0,0,0,0,0,0,0,0,0,21.493,31.726,5,111,W,NCTL,ND,0.504950495049505
2023-wimbledon-1304,Alejandro Davidovich Fokina,Holger Rune,2:41:57,4,5,203,2,1,1,3,15,30,1,2,1,103,100,0,0,0,0,0,0,0,0,0,0,1,0,0,0,0,0,0,0,0,0,0,3.51,4.23,1,94,B,NCTL,D,0.4
2023-wimbledon-1304,Alejandro Davidovich Fokina,Holger Rune,2:42:36,4,5,204,2,1,1,3,30,30,1,2,2,103,101,0,0,0,0,0,0,0,0,0,1,0,0,0,0,0,0,0,0,0,0,0,23.551,23.305,6,92,BW,NCTL,D,0.4
2023-wimbledon-1304,Alejandro Davidovich Fokina,Holger Rune,2:43:36,4,5,205,2,1,1,3,30,40,1,2,1,104,101,0,0,0,0,0,0,0,0,0,0,1,0,0,0,0,0,1,0,0,0,1,18.317,21.275,5,100,C,NCTL,ND,0.6
2023-wimbledon-1304,Alejandro Davidovich Fokina,Holger Rune,2:44:20,4,5,206,2,1,1,3,40,40,1,1,1,105,101,0,0,0,0,0,0,0,0,0,0,0,0,0,0,0,0,0,0,0,0,0,4.358,3.579,1,121,BC,CTL,D,0.6
2023-wimbledon-1304,Alejandro Davidovich Fokina,Holger Rune,2:44:39,4,5,207,2,1,1,3,AD,40,1,1,1,106,101,1,0,0,0,0,0,0,0,0,0,0,0,0,0,0,0,0,0,0,0,0,4.736,5.063,1,115,C,NCTL,D,0.6
2023-wimbledon-1304,Alejandro Davidovich Fokina,Holger Rune,2:46:24,4,6,208,2,1,2,3,0,0,2,1,1,107,101,0,0,0,0,0,0,0,0,0,0,1,0,0,0,0,0,0,0,0,0,0,10.399,7.151,2,115,W,CTL,ND,0.5144230769230769
2023-wimbledon-1304,Alejandro Davidovich Fokina,Holger Rune,2:46:45,4,6,209,2,1,2,3,15,0,2,1,2,107,102,0,0,0,0,0,1,F,0,0,0,0,0,1,0,1,0,0,0,0,0,0,12.335,12.896,3,112,W,CTL,MD,0.5119617224880383
2023-wimbledon-1304,Alejandro Davidovich Fokina,Holger Rune,2:47:07,4,6,210,2,1,2,3,15,15,2,1,2,107,103,0,0,0,1,0,1,0,0,0,0,0,0,0,0,0,0,0,0,0,0,0,1.343,1.013,1,128,C,CTL,MD,0.5095238095238095
2023-wimbledon-1304,Alejandro Davidovich Fokina,Holger Rune,2:47:27,4,6,211,2,1,2,3,15,30,2,2,2,107,104,0,0,0,0,0,1,F,0,0,0,0,0,0,0,0,0,0,0,0,0,0,25.974,21.016,5,85,B,NCTL,ND,0.5071090047393365
2023-wimbledon-1304,Alejandro Davidovich Fokina,Holger Rune,2:48:07,4,6,212,2,1,2,3,15,40,2,1,2,107,105,2,0,0,0,0,0,0,0,0,0,0,0,0,0,0,0,0,0,0,0,0,22.149,31.178,1,105,W,CTL,D,0.5047169811320755
2023-wimbledon-1304,Alejandro Davidovich Fokina,Holger Rune,2:49:45,4,7,213,2,1,2,4,0,0,1,1,1,108,105,0,0,1,0,1,0,0,0,0,0,0,0,0,0,0,0,0,0,0,0,0,0.864,1.148,1,106,W,CTL,MD,0.5070422535211268
2023-wimbledon-1304,Alejandro Davidovich Fokina,Holger Rune,2:50:01,4,7,214,2,1,2,4,15,0,1,1,2,108,106,0,0,0,0,0,0,0,0,0,0,0,0,0,0,0,0,0,0,0,0,0,15.632,16.13,4,105,C,CTL,D,0.5046728971962616
2023-wimbledon-1304,Alejandro Davidovich Fokina,Holger Rune,2:50:28,4,7,215,2,1,2,4,15,15,1,2,1,109,106,0,0,0,0,1,0,F,0,0,0,0,0,0,0,0,0,0,0,0,0,0,11.239,13.636,5,92,BC,NCTL,ND,0.5069767441860465
2023-wimbledon-1304,Alejandro Davidovich Fokina,Holger Rune,2:51:03,4,7,216,2,1,2,4,30,15,1,1,1,110,106,0,0,0,0,0,0,0,0,0,0,0,0,0,0,0,0,0,0,0,0,0,3.407,5.229,1,107,C,NCTL,D,0.6
2023-wimbledon-1304,Alejandro Davidovich Fokina,Holger Rune,2:51:21,4,7,217,2,1,2,4,40,15,1,1,1,111,106,1,0,0,0,0,0,0,0,0,0,1,0,0,0,0,0,0,0,0,0,0,10.972,15.102,3,124,C,NCTL,D,0.6
2023-wimbledon-1304,Alejandro Davidovich Fokina,Holger Rune,2:53:11,4,8,218,2,1,3,4,0,0,2,1,2,111,107,0,0,0,0,0,0,0,0,0,0,0,0,0,0,0,0,0,0,0,0,0,23.739,24.576,3,114,W,NCTL,ND,0.5091743119266054
2023-wimbledon-1304,Alejandro Davidovich Fokina,Holger Rune,2:53:39,4,8,219,2,1,3,4,0,15,2,2,2,111,108,0,0,0,0,0,0,0,0,0,1,0,0,0,0,0,0,0,0,0,0,0,12.052,10.026,5,109,BC,NCTL,D,0.5068493150684932
2023-wimbledon-1304,Alejandro Davidovich Fokina,Holger Rune,2:54:20,4,8,220,2,1,3,4,0,30,2,2,1,112,108,0,0,0,0,0,0,0,0,0,0,1,0,0,0,0,0,0,0,0,0,0,8.588,7.287,2,107,BC,NCTL,ND,0.509090909090909
2023-wimbledon-1304,Alejandro Davidovich Fokina,Holger Rune,2:54:59,4,8,221,2,1,3,4,15,30,2,1,2,112,109,0,0,0,0,0,1,F,0,0,0,0,0,1,0,1,0,0,0,0,0,0,27.641,25.159,7,119,W,CTL,ND,0.5067873303167421
2023-wimbledon-1304,Alejandro Davidovich Fokina,Holger Rune,2:55:35,4,8,222,2,1,3,4,15,40,2,2,1,113,109,0,0,0,0,0,0,0,0,1,0,1,0,0,0,0,0,0,0,0,0,0,2.02,2.07,0,119,BC,CTL,MD,0.509009009009009
2023-wimbledon-1304,Alejandro Davidovich Fokina,Holger Rune,2:56:28,4,8,223,2,1,3,4,30,40,2,2,2,113,110,2,0,0,0,0,0,0,0,0,0,0,0,1,0,1,0,0,0,0,0,0,11.683,14.971,3,113,C,NCTL,ND,0.5067264573991032
2023-wimbledon-1304,Alejandro Davidovich Fokina,Holger Rune,2:57:31,4,9,224,2,1,3,5,0,0,1,1,1,114,110,0,0,0,0,0,0,0,0,0,0,0,0,0,0,0,0,0,0,0,0,0,2.735,4.31,1,110,W,CTL,MD,0.5089285714285714
2023-wimbledon-1304,Alejandro Davidovich Fokina,Holger Rune,2:57:48,4,9,225,2,1,3,5,15,0,1,2,2,114,111,0,0,0,0,0,1,F,0,0,0,0,0,0,0,0,0,0,0,0,0,0,3.901,3.838,2,95,B,NCTL,ND,0.5066666666666667
2023-wimbledon-1304,Alejandro Davidovich Fokina,Holger Rune,2:58:16,4,9,226,2,1,3,5,15,15,1,2,1,115,111,0,0,0,0,0,0,0,0,0,0,0,0,0,0,0,0,0,0,0,0,0,0.791,1.397,1,99,W,CTL,MD,0.5088495575221239
2023-wimbledon-1304,Alejandro Davidovich Fokina,Holger Rune,2:58:45,4,9,227,2,1,3,5,30,15,1,1,1,116,111,0,0,0,0,1,0,F,0,0,0,0,1,0,1,0,0,0,0,0,0,0,11.4,9.75,3,112,C,CTL,ND,0.6
2023-wimbledon-1304,Alejandro Davidovich Fokina,Holger Rune,2:59:09,4,9,228,2,1,3,5,40,15,1,1,2,116,112,0,0,0,0,0,0,0,0,0,1,0,0,0,0,0,0,0,0,0,0,0,4.036,5.502,2,109,W,CTL,ND,0.4
2023-wimbledon-1304,Alejandro Davidovich Fokina,Holger Rune,2:59:34,4,9,229,2,1,3,5,40,30,1,2,1,117,112,1,0,0,0,0,0,0,0,0,0,0,0,0,0,0,0,0,0,0,0,0,5.986,4.857,1,89,B,NCTL,ND,0.6
2023-wimbledon-1304,Alejandro Davidovich Fokina,Holger Rune,3:01:27,4,10,230,2,1,4,5,0,0,2,1,1,118,112,0,0,0,0,0,0,0,0,0,0,1,1,0,1,0,0,0,0,0,0,0,32.03,17.028,6,106,W,CTL,ND,0.5130434782608696
2023-wimbledon-1304,Alejandro Davidovich Fokina,Holger Rune,3:01:59,4,10,231,2,1,4,5,15,0,2,1,2,118,113,0,0,0,0,0,0,0,0,0,0,0,0,1,0,1,0,0,0,0,0,0,15.331,16.204,3,117,BW,NCTL,MD,0.5108225108225108
2023-wimbledon-1304,Alejandro Davidovich Fokina,Holger Rune,3:02:29,4,10,232,2,1,4,5,15,15,2,2,1,119,113,0,0,0,0,0,0,0,0,1,0,1,0,0,0,0,0,0,0,0,0,0,3.85,3.589,0,117,W,CTL,D,0.5129310344827587
2023-wimbledon-1304,Alejandro Davidovich Fokina,Holger Rune,3:03:17,4,10,233,2,1,4,5,30,15,2,1,1,120,113,0,0,0,0,0,0,0,0,0,0,1,0,0,0,0,0,0,0,0,0,0,10.144,8.906,2,123,C,NCTL,ND,0.5150214592274678
2023-wimbledon-1304,Alejandro Davidovich Fokina,Holger Rune,3:03:38,4,10,234,2,1,4,5,40,15,2,1,2,120,114,0,0,0,0,0,0,0,0,0,0,0,0,1,0,1,1,0,0,0,1,0,30.598,30.645,7,130,BC,CTL,D,0.5128205128205128
2023-wimbledon-1304,Alejandro Davidovich Fokina,Holger Rune,3:04:20,4,10,235,2,1,4,5,40,30,2,1,2,120,115,0,0,0,1,0,1,0,0,0,0,0,0,0,0,0,1,0,0,0,1,0,0.81,0.705,1,124,W,CTL,MD,0.5106382978723404
2023-wimbledon-1304,Alejandro Davidovich Fokina,Holger Rune,3:04:45,4,10,236,2,1,4,5,40,40,2,1,1,121,115,0,0,0,0,0,0,0,0,0,0,1,0,0,0,0,0,0,0,0,0,0,20.003,19.48,6,130,C,NCTL,D,0.5127118644067796
2023-wimbledon-1304,Alejandro Davidovich Fokina,Holger Rune,3:05:23,4,10,237,2,1,4,5,AD,40,2,1,2,121,116,0,0,0,0,0,0,0,0,0,0,0,0,1,0,1,1,0,0,0,1,0,13.671,15.816,1,119,W,CTL,D,0.510548523206751
2023-wimbledon-1304,Alejandro Davidovich Fokina,Holger Rune,3:05:54,4,10,238,2,1,4,5,40,40,2,1,2,121,117,0,0,0,0,0,1,F,0,0,0,0,0,0,0,0,0,0,0,0,0,0,32.897,26.017,7,105,W,CTL,D,0.5084033613445378
2023-wimbledon-1304,Alejandro Davidovich Fokina,Holger Rune,3:06:37,4,10,239,2,1,4,5,40,AD,2,2,2,121,118,2,2,0,0,0,0,0,0,0,0,0,0,0,0,0,0,0,0,0,0,0,6.167,6.802,1,112,C,NCTL,ND,0.5062761506276151
2023-wimbledon-1304,Alejandro Davidovich Fokina,Holger Rune,3:11:47,5,1,240,2,2,0,0,0,0,1,1,1,122,118,0,0,0,0,0,0,0,0,0,0,0,0,0,0,0,0,0,0,0,0,0,20.85,25.883,7,105,W,NCTL,D,0.5083333333333333
2023-wimbledon-1304,Alejandro Davidovich Fokina,Holger Rune,3:12:18,5,1,241,2,2,0,0,15,0,1,1,1,123,118,0,0,0,0,0,0,0,0,0,0,1,0,0,0,0,0,0,0,0,0,0,14.914,18.976,5,116,BW,NCTL,ND,0.5103734439834025
2023-wimbledon-1304,Alejandro Davidovich Fokina,Holger Rune,3:12:44,5,1,242,2,2,0,0,30,0,1,1,2,123,119,0,0,0,0,0,0,0,0,0,0,0,0,0,0,0,0,0,0,0,0,0,4.45,8.524,2,108,BW,NCTL,ND,0.5082644628099173
2023-wimbledon-1304,Alejandro Davidovich Fokina,Holger Rune,3:13:05,5,1,243,2,2,0,0,30,15,1,1,1,124,119,0,0,0,0,1,0,F,0,0,0,0,0,0,0,0,0,0,0,0,0,0,9.684,17.126,3,115,B,CTL,ND,0.5102880658436214
2023-wimbledon-1304,Alejandro Davidovich Fokina,Holger Rune,3:13:30,5,1,244,2,2,0,0,40,15,1,2,1,125,119,1,0,0,0,1,0,B,0,0,0,0,0,0,0,0,0,0,0,0,0,0,24.166,24.269,7,91,B,NCTL,ND,0.5122950819672131
2023-wimbledon-1304,Alejandro Davidovich Fokina,Holger Rune,3:14:39,5,2,245,2,2,1,0,0,0,2,2,1,126,119,0,0,0,0,0,0,0,0,0,0,1,0,0,0,0,0,0,0,0,0,0,11.53,10.763,4,107,C,NCTL,ND,0.5142857142857142
2023-wimbledon-1304,Alejandro Davidovich Fokina,Holger Rune,3:15:17,5,2,246,2,2,1,0,15,0,2,1,2,126,120,0,0,0,0,0,1,F,0,0,0,0,0,1,0,1,0,0,0,0,0,0,14.87,13.431,5,114,BW,NCTL,MD,0.5121951219512195
2023-wimbledon-1304,Alejandro Davidovich Fokina,Holger Rune,3:15:46,5,2,247,2,2,1,0,15,15,2,1,2,126,121,0,0,0,0,0,0,0,0,0,0,0,0,0,0,0,0,0,0,0,0,0,6.752,5.488,1,123,W,CTL,D,0.5101214574898786
2023-wimbledon-1304,Alejandro Davidovich Fokina,Holger Rune,3:16:09,5,2,248,2,2,1,0,15,30,2,1,1,127,121,0,0,0,0,1,0,B,0,0,0,0,0,1,0,0,0,0,0,0,0,0,15.074,16.663,4,123,BC,NCTL,ND,0.5120967741935484
2023-wimbledon-1304,Alejandro Davidovich Fokina,Holger Rune,3:16:49,5,2,249,2,2,1,0,30,30,2,2,2,127,122,0,0,0,0,0,0,0,0,0,0,0,0,1,0,1,0,0,0,0,0,0,41.102,38.973,11,113,W,CTL,D,0.5100401606425703
2023-wimbledon-1304,Alejandro Davidovich Fokina,Holger Rune,3:17:48,5,2,250,2,2,1,0,30,40,2,1,1,128,122,0,0,0,0,1,0,B,0,0,0,0,0,1,0,0,0,0,0,0,0,0,21.001,18.311,6,119,C,NCTL,ND,0.512
2023-wimbledon-1304,Alejandro Davidovich Fokina,Holger Rune,3:18:31,5,2,251,2,2,1,0,40,40,2,1,2,128,123,0,0,0,0,0,0,0,0,0,0,0,0,0,0,0,0,0,0,0,0,0,4.643,3.363,1,118,W,NCTL,D,0.5099601593625498
2023-wimbledon-1304,Alejandro Davidovich Fokina,Holger Rune,3:19:03,5,2,252,2,2,1,0,40,AD,2,1,1,129,123,0,0,0,0,1,0,F,0,0,0,0,0,1,0,0,0,0,0,0,0,0,18.235,12.348,4,121,W,CTL,ND,0.5119047619047619
2023-wimbledon-1304,Alejandro Davidovich Fokina,Holger Rune,3:19:45,5,2,253,2,2,1,0,40,40,2,2,1,130,123,0,0,0,0,0,0,0,0,0,0,1,0,0,0,0,0,0,0,0,0,0,27.157,21.89,6,107,BC,NCTL,ND,0.5138339920948617
2023-wimbledon-1304,Alejandro Davidovich Fokina,Holger Rune,3:20:38,5,2,254,2,2,1,0,AD,40,2,2,2,130,124,0,0,0,0,0,0,0,0,0,0,0,0,0,0,0,1,0,0,0,1,0,0.964,1.092,1,109,C,NCTL,MD,0.5118110236220472
2023-wimbledon-1304,Alejandro Davidovich Fokina,Holger Rune,3:21:23,5,2,255,2,2,1,0,40,40,2,2,2,130,125,0,0,0,0,0,0,0,0,0,1,0,0,0,0,0,0,0,0,0,0,0,41.828,33.85,11,106,W,CTL,D,0.5098039215686274
2023-wimbledon-1304,Alejandro Davidovich Fokina,Holger Rune,3:22:23,5,2,256,2,2,1,0,40,AD,2,1,2,130,126,2,0,0,0,0,1,B,0,0,0,0,0,1,0,1,0,0,0,0,0,0,20.561,18.702,5,120,W,CTL,MD,0.5078125
2023-wimbledon-1304,Alejandro Davidovich Fokina,Holger Rune,3:22:58,5,3,257,2,2,1,1,0,0,1,2,2,130,127,0,0,0,0,0,0,0,0,0,1,0,0,0,0,0,0,0,0,0,0,0,7.744,8.454,2,94,B,NCTL,D,0.5058365758754864
2023-wimbledon-1304,Alejandro Davidovich Fokina,Holger Rune,3:23:27,5,3,258,2,2,1,1,0,15,1,1,1,131,127,0,0,1,0,1,0,0,0,0,0,0,0,0,0,0,0,0,0,0,0,0,0.643,0.991,1,120,W,CTL,MD,0.5077519379844961
2023-wimbledon-1304,Alejandro Davidovich Fokina,Holger Rune,3:23:44,5,3,259,2,2,1,1,15,15,1,1,1,132,127,0,0,0,0,0,0,0,0,0,0,0,0,0,0,0,0,0,0,0,0,0,4.427,5.88,1,102,W,CTL,ND,0.5096525096525096
2023-wimbledon-1304,Alejandro Davidovich Fokina,Holger Rune,3:24:01,5,3,260,2,2,1,1,30,15,1,1,1,133,127,0,0,0,0,0,0,0,0,0,0,0,0,0,0,0,0,0,0,0,0,0,3.962,5.916,1,113,C,CTL,ND,0.6
2023-wimbledon-1304,Alejandro Davidovich Fokina,Holger Rune,3:24:17,5,3,261,2,2,1,1,40,15,1,2,1,134,127,1,0,0,0,0,0,0,0,0,0,1,0,0,0,0,0,0,0,0,0,0,5.186,4.9,1,105,BW,NCTL,ND,0.8
2023-wimbledon-1304,Alejandro Davidovich Fokina,Holger Rune,3:26:10,5,4,262,2,2,2,1,0,0,2,1,2,134,128,0,0,0,0,0,0,0,0,0,0,0,0,0,0,0,0,0,0,0,0,0,5.05,3.801,1,98,W,NCTL,D,0.5114503816793893
2023-wimbledon-1304,Alejandro Davidovich Fokina,Holger Rune,3:26:27,5,4,263,2,2,2,1,0,15,2,2,1,135,128,0,0,0,0,0,0,0,0,0,0,1,0,0,0,0,0,0,0,0,0,0,7.546,7.601,2,101,B,NCTL,ND,0.5133079847908745
2023-wimbledon-1304,Alejandro Davidovich Fokina,Holger Rune,3:27:02,5,4,264,2,2,2,1,15,15,2,2,2,135,129,0,0,0,1,0,1,0,0,0,0,0,0,0,0,0,0,0,0,0,0,0,1.155,1.176,1,119,C,NCTL,MD,0.5113636363636364
2023-wimbledon-1304,Alejandro Davidovich Fokina,Holger Rune,3:27:41,5,4,265,2,2,2,1,15,30,2,2,1,136,129,0,0,0,0,0,0,0,0,0,0,1,0,0,0,0,0,0,0,0,0,0,25.224,20.925,6,109,C,NCTL,D,0.5132075471698113
2023-wimbledon-1304,Alejandro Davidovich Fokina,Holger Rune,3:28:48,5,4,266,2,2,2,1,30,30,2,1,1,137,129,0,0,0,0,1,0,F,0,0,0,0,0,0,0,0,0,0,0,0,0,0,25.026,19.659,6,118,W,CTL,D,0.5150375939849624
2023-wimbledon-1304,Alejandro Davidovich Fokina,Holger Rune,3:29:29,5,4,267,2,2,2,1,40,30,2,1,2,137,130,0,0,0,1,0,1,0,0,0,0,0,0,0,0,0,1,0,0,0,1,0,1.376,1.022,1,124,C,CTL,MD,0.5131086142322098
2023-wimbledon-1304,Alejandro Davidovich Fokina,Holger Rune,3:31:07,5,4,268,2,2,2,1,40,40,2,1,2,137,131,0,0,0,0,0,0,0,0,0,1,0,0,0,0,0,0,0,0,0,0,0,10.549,9.475,3,133,BC,NCTL,ND,0.5111940298507462
2023-wimbledon-1304,Alejandro Davidovich Fokina,Holger Rune,3:31:40,5,4,269,2,2,2,1,40,AD,2,1,2,137,132,2,0,0,0,0,1,F,0,0,0,0,0,1,0,1,0,0,0,0,0,0,26.046,19.487,5,121,BC,NCTL,D,0.5092936802973977
2023-wimbledon-1304,Alejandro Davidovich Fokina,Holger Rune,3:32:25,5,5,270,2,2,2,2,0,0,1,1,2,137,133,0,0,0,0,0,0,0,0,0,0,0,0,0,0,0,0,0,0,0,0,0,35.856,34.128,8,110,BW,NCTL,D,0.5074074074074074
2023-wimbledon-1304,Alejandro Davidovich Fokina,Holger Rune,3:33:07,5,5,271,2,2,2,2,0,15,1,1,2,137,134,0,0,0,0,0,0,0,0,0,1,0,1,0,0,0,0,0,0,0,0,0,12.209,12.968,4,109,BC,NCTL,ND,0.5055350553505535
2023-wimbledon-1304,Alejandro Davidovich Fokina,Holger Rune,3:33:36,5,5,272,2,2,2,2,0,30,1,1,1,138,134,0,0,0,0,0,0,0,0,0,0,0,1,0,1,0,0,0,0,0,0,0,23.059,23.246,5,126,BC,CTL,D,0.5073529411764706
2023-wimbledon-1304,Alejandro Davidovich Fokina,Holger Rune,3:34:26,5,5,273,2,2,2,2,15,30,1,1,1,139,134,0,0,0,0,0,0,0,0,0,0,0,0,0,0,0,0,0,0,0,0,0,3.528,3.705,1,111,B,NCTL,MD,0.4
2023-wimbledon-1304,Alejandro Davidovich Fokina,Holger Rune,3:34:47,5,5,274,2,2,2,2,30,30,1,1,1,140,134,0,0,0,0,0,0,0,0,0,0,0,1,0,1,0,0,0,0,0,0,0,11.021,14.461,3,99,BW,NCTL,D,0.6
2023-wimbledon-1304,Alejandro Davidovich Fokina,Holger Rune,3:35:11,5,5,275,2,2,2,2,40,30,1,2,2,140,135,0,0,0,0,0,0,0,0,0,1,0,0,0,0,0,0,0,0,0,0,0,19.691,18.061,6,88,B,NCTL,ND,0.6
2023-wimbledon-1304,Alejandro Davidovich Fokina,Holger Rune,3:35:57,5,5,276,2,2,2,2,40,40,1,1,1,141,135,0,0,0,0,1,0,F,0,0,0,0,1,0,1,0,0,0,0,0,0,0,14.852,16.533,5,112,W,NCTL,ND,0.6
2023-wimbledon-1304,Alejandro Davidovich Fokina,Holger Rune,3:36:29,5,5,277,2,2,2,2,AD,40,1,1,1,142,135,1,0,0,0,0,0,0,0,0,0,0,1,0,1,0,0,0,0,0,0,0,36.743,36.589,7,110,C,NCTL,ND,0.6
2023-wimbledon-1304,Alejandro Davidovich Fokina,Holger Rune,3:39:00,5,6,278,2,2,3,2,0,0,2,1,2,142,136,0,0,0,0,0,0,0,0,0,0,0,0,0,0,0,0,0,0,0,0,0,3.527,2.645,1,127,BC,NCTL,ND,0.5107913669064749
2023-wimbledon-1304,Alejandro Davidovich Fokina,Holger Rune,3:39:19,5,6,279,2,2,3,2,0,15,2,2,1,143,136,0,0,0,0,0,0,0,0,0,0,1,0,0,0,0,0,0,0,0,0,0,12.05,9.955,2,98,W,NCTL,ND,0.5125448028673835
2023-wimbledon-1304,Alejandro Davidovich Fokina,Holger Rune,3:40:05,5,6,280,2,2,3,2,15,15,2,1,2,143,137,0,0,0,1,0,1,0,0,0,0,0,0,0,0,0,0,0,0,0,0,0,0.66,0.623,1,129,C,NCTL,MD,0.5107142857142857
2023-wimbledon-1304,Alejandro Davidovich Fokina,Holger Rune,3:40:24,5,6,281,2,2,3,2,15,30,2,1,2,143,138,0,0,0,0,0,0,0,0,0,0,0,0,1,0,1,0,0,0,0,0,0,13.825,14.078,3,118,BC,NCTL,ND,0.5088967971530249
2023-wimbledon-1304,Alejandro Davidovich Fokina,Holger Rune,3:40:50,5,6,282,2,2,3,2,15,40,2,2,2,143,139,2,0,0,0,0,0,0,0,0,0,0,0,0,0,0,0,0,0,0,0,0,3.537,4.517,1,109,B,NCTL,D,0.5070921985815603
2023-wimbledon-1304,Alejandro Davidovich Fokina,Holger Rune,3:41:41,5,7,283,2,2,3,3,0,0,1,1,1,144,139,0,0,0,0,0,0,0,0,0,0,0,0,0,0,0,0,0,0,0,0,0,1.304,1.92,1,103,W,CTL,MD,0.508833922261484
2023-wimbledon-1304,Alejandro Davidovich Fokina,Holger Rune,3:42:09,5,7,284,2,2,3,3,15,0,1,1,1,145,139,0,0,0,0,0,0,0,0,0,0,0,0,0,0,0,0,0,0,0,0,0,35.379,33.944,9,108,B,NCTL,ND,0.5105633802816901
2023-wimbledon-1304,Alejandro Davidovich Fokina,Holger Rune,3:42:45,5,7,285,2,2,3,3,30,0,1,2,1,146,139,0,0,0,0,0,0,0,0,0,0,1,0,0,0,0,0,0,0,0,0,0,3.579,3.487,1,95,BW,NCTL,D,0.512280701754386
2023-wimbledon-1304,Alejandro Davidovich Fokina,Holger Rune,3:43:13,5,7,286,2,2,3,3,40,0,1,1,1,147,139,1,0,0,0,1,0,F,0,0,0,0,1,0,1,0,0,0,0,0,0,0,14.277,9.479,3,113,C,NCTL,ND,0.8
2023-wimbledon-1304,Alejandro Davidovich Fokina,Holger Rune,3:44:56,5,8,287,2,2,4,3,0,0,2,1,2,147,140,0,0,0,0,0,0,0,0,0,0,0,0,0,0,0,0,0,0,0,0,0,5.046,4.753,1,117,W,NCTL,D,0.5121951219512195
2023-wimbledon-1304,Alejandro Davidovich Fokina,Holger Rune,3:45:14,5,8,288,2,2,4,3,0,15,2,1,2,147,141,0,0,0,0,0,1,F,0,0,0,0,0,0,0,0,0,0,0,0,0,0,8.286,7.5,3,118,C,CTL,D,0.5104166666666666
2023-wimbledon-1304,Alejandro Davidovich Fokina,Holger Rune,3:45:41,5,8,289,2,2,4,3,0,30,2,1,2,147,142,0,0,0,1,0,1,0,0,0,0,0,0,0,0,0,0,0,0,0,0,0,0.756,0.723,1,113,W,CTL,MD,0.5086505190311419
2023-wimbledon-1304,Alejandro Davidovich Fokina,Holger Rune,3:45:57,5,8,290,2,2,4,3,0,40,2,2,2,147,143,2,0,0,0,0,1,B,0,0,0,0,0,0,0,0,0,0,0,0,0,0,40.757,40.936,11,96,BW,NCTL,ND,0.506896551724138
2023-wimbledon-1304,Alejandro Davidovich Fokina,Holger Rune,3:46:57,5,9,291,2,2,4,4,0,0,1,1,1,148,143,0,0,0,0,0,0,0,0,0,0,0,0,0,0,0,0,0,0,0,0,0,17.214,25.613,5,124,C,NCTL,ND,0.5085910652920962
2023-wimbledon-1304,Alejandro Davidovich Fokina,Holger Rune,3:47:24,5,9,292,2,2,4,4,15,0,1,1,2,148,144,0,0,0,0,0,0,0,0,0,1,0,0,0,0,0,0,0,0,0,0,0,23.339,21.835,6,109,C,NCTL,ND,0.5068493150684932
2023-wimbledon-1304,Alejandro Davidovich Fokina,Holger Rune,3:48:00,5,9,293,2,2,4,4,15,15,1,1,2,148,145,0,0,0,0,0,1,B,0,0,0,0,0,1,0,1,0,0,0,0,0,0,19.294,26.337,6,105,BW,NCTL,ND,0.5051194539249146
2023-wimbledon-1304,Alejandro Davidovich Fokina,Holger Rune,3:48:35,5,9,294,2,2,4,4,15,30,1,1,1,149,145,0,0,0,0,0,0,0,0,0,0,0,0,0,0,0,0,0,0,0,0,0,0.703,1.136,1,122,BW,NCTL,MD,0.4
2023-wimbledon-1304,Alejandro Davidovich Fokina,Holger Rune,3:48:58,5,9,295,2,2,4,4,30,30,1,1,1,150,145,0,0,0,0,1,0,F,0,0,0,0,1,0,1,0,0,0,0,0,0,0,9.695,7.534,3,111,W,CTL,MD,0.4
2023-wimbledon-1304,Alejandro Davidovich Fokina,Holger Rune,3:49:23,5,9,296,2,2,4,4,40,30,1,1,1,151,145,1,0,0,0,0,0,0,0,0,0,1,0,0,0,0,0,0,0,0,0,0,10.526,11.461,3,111,C,NCTL,ND,0.6
2023-wimbledon-1304,Alejandro Davidovich Fokina,Holger Rune,3:51:17,5,10,297,2,2,5,4,0,0,2,1,1,152,145,0,0,0,0,0,0,0,0,0,0,1,0,0,0,0,0,0,0,0,0,0,8.461,5.569,2,118,BW,NCTL,ND,0.5117845117845118
2023-wimbledon-1304,Alejandro Davidovich Fokina,Holger Rune,3:51:36,5,10,298,2,2,5,4,15,0,2,1,1,153,145,0,0,0,0,0,0,0,0,0,0,0,0,0,0,0,0,0,0,0,0,0,20.33,14.729,4,121,BW,NCTL,MD,0.5134228187919463
2023-wimbledon-1304,Alejandro Davidovich Fokina,Holger Rune,3:52:12,5,10,299,2,2,5,4,30,0,2,1,2,153,146,0,0,0,1,0,1,0,0,0,0,0,0,0,0,0,0,0,0,0,0,0,0.854,0.753,1,120,W,CTL,MD,0.5117056856187291
2023-wimbledon-1304,Alejandro Davidovich Fokina,Holger Rune,3:52:35,5,10,300,2,2,5,4,30,15,2,2,1,154,146,0,0,0,0,0,0,0,0,1,0,1,0,0,0,0,0,0,0,0,0,0,4.193,2.728,0,120,C,CTL,MD,0.5133333333333333
2023-wimbledon-1304,Alejandro Davidovich Fokina,Holger Rune,3:53:14,5,10,301,2,2,5,4,40,15,2,1,2,154,147,0,0,0,0,0,1,F,0,0,0,0,0,1,0,1,1,0,0,0,1,0,24.105,16.922,7,122,BW,NCTL,ND,0.5116279069767442
2023-wimbledon-1304,Alejandro Davidovich Fokina,Holger Rune,3:53:55,5,10,302,2,2,5,4,40,30,2,1,2,154,148,0,0,0,1,0,1,0,0,0,0,0,0,0,0,0,1,0,0,0,1,0,1.088,0.891,1,113,W,CTL,MD,0.5099337748344371
2023-wimbledon-1304,Alejandro Davidovich Fokina,Holger Rune,3:54:26,5,10,303,2,2,5,4,40,40,2,1,2,154,149,0,0,0,0,0,0,0,0,0,1,0,1,0,0,0,0,0,0,0,0,0,31.404,24.583,7,136,BC,CTL,ND,0.5082508250825083
2023-wimbledon-1304,Alejandro Davidovich Fokina,Holger Rune,3:55:06,5,10,304,2,2,5,4,40,AD,2,1,2,154,150,2,0,0,1,0,1,0,0,0,0,0,0,0,0,0,0,0,0,0,0,0,1.275,1.043,1,121,C,CTL,MD,0.506578947368421
2023-wimbledon-1304,Alejandro Davidovich Fokina,Holger Rune,3:55:36,5,11,305,2,2,5,5,0,0,1,1,2,154,151,0,0,0,0,0,0,0,0,0,1,0,0,0,0,0,0,0,0,0,0,0,6.584,9.665,2,98,W,CTL,ND,0.5049180327868853
2023-wimbledon-1304,Alejandro Davidovich Fokina,Holger Rune,3:55:58,5,11,306,2,2,5,5,0,15,1,2,1,155,151,0,0,0,0,1,0,B,0,0,0,0,0,1,0,0,0,0,0,0,0,0,18.705,22.722,5,84,B,NCTL,ND,0.5065359477124183
2023-wimbledon-1304,Alejandro Davidovich Fokina,Holger Rune,3:56:40,5,11,307,2,2,5,5,15,15,1,1,1,156,151,0,0,0,0,0,0,0,0,0,0,0,0,1,0,0,0,0,0,0,0,0,29.806,28.663,7,104,W,CTL,D,0.50814332247557
2023-wimbledon-1304,Alejandro Davidovich Fokina,Holger Rune,3:57:20,5,11,308,2,2,5,5,30,15,1,1,2,156,152,0,0,0,0,0,0,0,0,0,1,0,1,0,0,0,0,0,0,0,0,0,18.483,16.727,4,112,C,CTL,D,0.4
2023-wimbledon-1304,Alejandro Davidovich Fokina,Holger Rune,3:57:55,5,11,309,2,2,5,5,30,30,1,2,2,156,153,0,0,0,0,0,0,0,0,0,1,0,0,0,0,0,0,0,0,0,0,0,12.76,17.565,4,92,BW,NCTL,ND,0.4
2023-wimbledon-1304,Alejandro Davidovich Fokina,Holger Rune,3:58:38,5,11,310,2,2,5,5,30,40,1,1,1,157,153,0,0,0,0,1,0,F,0,0,0,0,0,0,0,0,0,1,0,0,0,1,15.608,19.163,5,112,C,NCTL,D,0.4
2023-wimbledon-1304,Alejandro Davidovich Fokina,Holger Rune,3:59:28,5,11,311,2,2,5,5,40,40,1,2,1,158,153,0,0,0,0,0,0,0,0,0,0,0,0,0,0,0,0,0,0,0,0,0,4.255,4.17,1,95,W,CTL,D,0.4
2023-wimbledon-1304,Alejandro Davidovich Fokina,Holger Rune,4:00:06,5,11,312,2,2,5,5,AD,40,1,1,2,158,154,0,0,0,0,0,0,0,0,0,0,0,0,0,0,0,0,0,0,0,0,0,8.03,8.279,2,107,BW,NCTL,D,0.4
2023-wimbledon-1304,Alejandro Davidovich Fokina,Holger Rune,4:00:29,5,11,313,2,2,5,5,40,40,1,1,1,159,154,0,0,0,0,1,0,B,0,0,0,0,1,0,1,0,0,0,0,0,0,0,31.527,32.311,9,118,C,CTL,ND,0.6
2023-wimbledon-1304,Alejandro Davidovich Fokina,Holger Rune,4:01:12,5,11,314,2,2,5,5,AD,40,1,1,1,160,154,1,0,0,0,0,0,0,0,0,0,1,0,0,0,0,0,0,0,0,0,0,10.858,11.318,3,110,C,NCTL,ND,0.6
2023-wimbledon-1304,Alejandro Davidovich Fokina,Holger Rune,4:03:05,5,12,315,2,2,6,5,0,0,2,1,2,160,155,0,0,0,0,0,0,0,0,0,0,0,0,0,0,0,0,0,0,0,0,0,18.396,13.107,5,129,C,NCTL,ND,0.5079365079365079
2023-wimbledon-1304,Alejandro Davidovich Fokina,Holger Rune,4:03:40,5,12,316,2,2,6,5,0,15,2,1,2,160,156,0,0,0,1,0,1,0,0,0,0,0,0,0,0,0,0,0,0,0,0,0,1.187,1.273,1,123,W,CTL,MD,0.5063291139240507
2023-wimbledon-1304,Alejandro Davidovich Fokina,Holger Rune,4:04:08,5,12,317,2,2,6,5,0,30,2,2,2,160,157,0,0,0,0,0,0,0,0,0,0,0,0,0,0,0,0,0,0,0,0,0,11.474,9.023,3,102,BC,NCTL,ND,0.5047318611987381
2023-wimbledon-1304,Alejandro Davidovich Fokina,Holger Rune,4:04:49,5,12,318,2,2,6,5,0,40,2,2,1,161,157,0,0,0,0,1,0,F,0,0,0,0,0,0,0,0,0,0,0,0,0,0,9.534,11.782,4,128,BC,CTL,D,0.5062893081761006
2023-wimbledon-1304,Alejandro Davidovich Fokina,Holger Rune,4:05:31,5,12,319,2,2,6,5,15,40,2,1,2,161,158,2,0,0,1,0,1,0,0,0,0,0,0,0,0,0,0,0,0,0,0,0,0.967,0.821,1,112,W,CTL,MD,0.5047021943573667
2023-wimbledon-1304,Alejandro Davidovich Fokina,Holger Rune,4:06:02,5,13,320,2,2,6,6,0,0,1,1,1,162,158,0,0,0,0,1,0,F,0,0,0,0,0,0,0,0,0,0,0,0,0,0,7.313,9.043,3,104,W,NCTL,ND,0.50625
2023-wimbledon-1304,Alejandro Davidovich Fokina,Holger Rune,4:06:28,5,13,321,2,2,6,6,1,0,2,1,2,162,159,0,0,0,0,0,0,0,0,0,0,0,0,0,0,0,0,0,0,0,0,0,8.803,8.658,1,122,W,CTL,ND,0.5046728971962616
2023-wimbledon-1304,Alejandro Davidovich Fokina,Holger Rune,4:07:03,5,13,322,2,2,6,6,1,1,2,1,1,163,159,0,0,0,0,1,0,F,0,0,0,0,1,0,1,0,0,0,0,0,0,0,32.364,25.969,10,113,W,CTL,ND,0.5062111801242236
2023-wimbledon-1304,Alejandro Davidovich Fokina,Holger Rune,4:07:48,5,13,323,2,2,6,6,2,1,1,2,1,164,159,0,0,0,0,0,0,0,0,0,0,1,0,0,0,0,0,0,0,0,0,0,22.928,27.471,7,86,BC,NCTL,D,0.6
2023-wimbledon-1304,Alejandro Davidovich Fokina,Holger Rune,4:08:36,5,13,324,2,2,6,6,3,1,1,2,1,165,159,0,0,0,0,0,0,0,0,0,0,1,0,0,0,0,0,0,0,0,0,0,9.476,10.828,3,91,BW,NCTL,D,0.6
2023-wimbledon-1304,Alejandro Davidovich Fokina,Holger Rune,4:09:20,5,13,325,2,2,6,6,4,1,2,2,2,165,160,0,0,0,0,0,0,0,0,0,0,0,0,0,0,0,0,0,0,0,0,0,3.802,3.115,1,100,W,NCTL,ND,0.6
2023-wimbledon-1304,Alejandro Davidovich Fokina,Holger Rune,4:10:33,5,13,326,2,2,6,6,4,2,2,2,1,166,160,0,0,0,0,0,0,0,0,0,0,0,0,0,0,0,0,0,0,0,0,0,7.264,7.364,2,98,BC,NCTL,D,0.6
2023-wimbledon-1304,Alejandro Davidovich Fokina,Holger Rune,4:11:18,5,13,327,2,2,6,6,5,2,1,1,1,167,160,0,0,0,0,0,0,0,0,0,0,1,0,0,0,0,0,0,0,0,0,0,20.27,15.837,5,117,BC,NCTL,ND,0.6
2023-wimbledon-1304,Alejandro Davidovich Fokina,Holger Rune,4:11:58,5,13,328,2,2,6,6,6,2,1,1,2,167,161,0,0,0,0,0,1,F,0,0,0,0,0,0,0,0,0,0,0,0,0,0,3.355,4.719,2,108,W,CTL,D,0.4
2023-wimbledon-1304,Alejandro Davidovich Fokina,Holger Rune,4:12:32,5,13,329,2,2,6,6,6,3,2,1,2,167,162,0,0,0,0,0,0,0,0,0,0,0,0,1,0,1,0,0,0,0,0,0,13.547,13.661,3,120,C,NCTL,ND,0.4
2023-wimbledon-1304,Alejandro Davidovich Fokina,Holger Rune,4:13:14,5,13,330,2,2,6,6,6,4,2,2,2,167,163,0,0,0,0,0,0,0,0,0,1,0,0,0,0,0,0,0,0,0,0,0,11.388,9.775,3,110,BW,NCTL,ND,0.2
2023-wimbledon-1304,Alejandro Davidovich Fokina,Holger Rune,4:13:56,5,13,331,2,2,6,6,6,5,1,1,1,168,163,0,0,0,0,1,0,B,0,0,0,0,1,0,1,0,0,0,0,0,0,0,46.295,44.742,13,122,B,NCTL,D,0.2
2023-wimbledon-1304,Alejandro Davidovich Fokina,Holger Rune,4:15:15,5,13,332,2,2,6,6,7,5,1,1,1,169,163,0,0,0,0,1,0,B,0,0,0,0,0,1,0,0,0,0,0,0,0,0,24.284,48.393,7,127,C,CTL,ND,0.4
2023-wimbledon-1304,Alejandro Davidovich Fokina,Holger Rune,4:17:00,5,13,333,2,2,6,6,8,5,2,2,2,169,164,0,0,0,0,0,0,0,0,0,0,0,0,0,0,0,0,0,0,0,0,0,24.384,21.663,7,97,BW,NCTL,ND,0.4
2023-wimbledon-1304,Alejandro Davidovich Fokina,Holger Rune,4:17:52,5,13,334,2,2,6,6,8,6,2,1,2,169,165,0,0,0,0,0,1,F,0,0,0,0,0,1,0,1,0,0,0,0,0,0,19.726,17.565,5,129,C,NCTL,ND,0.4
2023-wimbledon-1304,Alejandro Davidovich Fokina,Holger Rune,4:18:29,5,13,335,2,2,6,6,8,7,1,2,2,169,166,0,0,0,0,0,0,0,0,0,1,0,0,0,0,0,0,0,0,0,0,0,12.85,18.14,2,87,C,NCTL,ND,0.2
2023-wimbledon-1304,Alejandro Davidovich Fokina,Holger Rune,4:19:12,5,13,336,2,2,6,6,8,8,1,1,2,169,167,0,0,0,0,0,1,F,0,0,0,0,0,0,0,0,0,0,0,0,0,0,0.0,0.0,2,87,C,NCTL,MD,0.0
2023-wimbledon-1304,Alejandro Davidovich Fokina,Holger Rune,4:19:56,5,13,337,2,2,6,6,8,9,2,2,2,169,168,2,2,0,0,0,0,0,0,0,1,0,0,0,0,0,0,0,0,0,0,0,24.841,19.918,5,97,W,CTL,ND,0.0
